{"1": [1.046753168106079, 0.04800009727478027, 0.0500490665435791, 0.048151493072509766, 0.04604005813598633, 0.0474696159362793, 0.04636216163635254, 0.0463862419128418, 0.047943115234375, 0.04741811752319336], "2": [0.03843092918395996, 0.037125349044799805, 0.037299394607543945, 0.03964638710021973, 0.03781890869140625, 0.03873038291931152, 0.037464141845703125, 0.037998199462890625, 0.03824615478515625, 0.03788352012634277], "4": [0.04484677314758301, 0.03858137130737305, 0.03405904769897461, 0.032208919525146484, 0.03270363807678223, 0.03193163871765137, 0.03265738487243652, 0.03284811973571777, 0.03335142135620117, 0.03173470497131348], "8": [0.030527830123901367, 0.03084707260131836, 0.029709577560424805, 0.031026124954223633, 0.02944779396057129, 0.03115677833557129, 0.029958009719848633, 0.03599143028259277, 0.029249906539916992, 0.030004024505615234], "16": [0.028558969497680664, 0.029857635498046875, 0.02910614013671875, 0.028528213500976562, 0.029610872268676758, 0.029674053192138672, 0.030649185180664062, 0.02778315544128418, 0.02862381935119629, 0.027665376663208008], "32": [0.03572344779968262, 0.029348373413085938, 0.030781030654907227, 0.030967235565185547, 0.03068232536315918, 0.028373003005981445, 0.02933359146118164, 0.030901670455932617, 0.029549121856689453, 0.03001856803894043]}