{"1": [26.4412202835083, 26.018758058547974, 26.53475284576416, 26.064556121826172, 26.02104926109314, 27.563916444778442, 26.15672469139099, 28.205252647399902, 27.14991044998169, 26.92078685760498], "2": [17.43263816833496, 17.431696891784668, 17.398192644119263, 17.423834323883057, 17.453776836395264, 17.47201681137085, 17.454440593719482, 17.417386293411255, 17.39635682106018, 17.404193878173828], "4": [13.099340438842773, 13.021214246749878, 13.00266170501709, 13.254183769226074, 12.907324314117432, 13.029788732528687, 12.97503137588501, 12.987231492996216, 13.009975910186768, 12.997459173202515], "8": [10.6459641456604, 10.636011123657227, 10.632881164550781, 10.632888793945312, 10.676446199417114, 10.97177243232727, 10.648080587387085, 10.626693487167358, 10.731753587722778, 10.77803349494934], "16": [9.597317457199097, 9.489073276519775, 9.97898554801941, 9.488086700439453, 9.406702518463135, 9.51401972770691, 9.647947549819946, 9.516828060150146, 9.480489253997803, 9.41729736328125], "32": [8.886280059814453, 9.345738649368286, 9.044275522232056, 8.893366575241089, 9.211756944656372, 9.255948305130005, 8.84988522529602, 8.950859069824219, 8.85059642791748, 9.104701280593872]}