{"1": [0.9154641628265381, 0.9262804985046387, 0.9097721576690674, 0.910703182220459, 0.9095504283905029, 0.9247159957885742, 0.9103591442108154, 0.9146487712860107, 0.9151158332824707, 0.9185142517089844], "2": [0.5370023250579834, 0.533646821975708, 0.5354194641113281, 0.5346746444702148, 0.5533056259155273, 0.5320062637329102, 0.5384976863861084, 0.5319774150848389, 0.5339593887329102, 0.5567150115966797], "4": [0.33387231826782227, 0.3416252136230469, 0.3386197090148926, 0.3341531753540039, 0.34816646575927734, 0.3335099220275879, 0.3375377655029297, 0.3339550495147705, 0.33176207542419434, 0.33144140243530273], "8": [0.23316144943237305, 0.22947168350219727, 0.23044514656066895, 0.24612808227539062, 0.2310178279876709, 0.2316133975982666, 0.22953176498413086, 0.24346327781677246, 0.22970080375671387, 0.22997617721557617], "16": [0.17983317375183105, 0.18321490287780762, 0.18235278129577637, 0.1791396141052246, 0.1804370880126953, 0.1780693531036377, 0.17749714851379395, 0.17699193954467773, 0.18573355674743652, 0.17834758758544922], "32": [0.1622326374053955, 0.152695894241333, 0.15987610816955566, 0.16437578201293945, 0.1620340347290039, 0.16206717491149902, 0.1569211483001709, 0.16260814666748047, 0.15613985061645508, 0.163285493850708]}