{"1": [0.5463635921478271, 0.12187004089355469, 0.11108779907226562, 0.09596061706542969, 0.11813831329345703, 0.11849713325500488, 0.12415742874145508, 0.12292027473449707, 0.10271883010864258, 0.10293078422546387], "2": [0.08581709861755371, 0.09281444549560547, 0.0890045166015625, 0.08878111839294434, 0.08746743202209473, 0.09314608573913574, 0.09284305572509766, 0.09174656867980957, 0.0906972885131836, 0.09849119186401367], "4": [0.08127522468566895, 0.07808971405029297, 0.0770721435546875, 0.08352303504943848, 0.07897043228149414, 0.08165359497070312, 0.0820310115814209, 0.08232975006103516, 0.08047986030578613, 0.08056187629699707], "8": [0.07054471969604492, 0.07044076919555664, 0.07183456420898438, 0.07665014266967773, 0.07694315910339355, 0.07429742813110352, 0.07047414779663086, 0.07021212577819824, 0.06953191757202148, 0.06830358505249023], "16": [0.06146883964538574, 0.06105804443359375, 0.0625314712524414, 0.062131643295288086, 0.06884360313415527, 0.07196521759033203, 0.06691908836364746, 0.06655526161193848, 0.07373929023742676, 0.06920957565307617], "32": [0.0715479850769043, 0.06984710693359375, 0.06211662292480469, 0.06437540054321289, 0.059153079986572266, 0.06461215019226074, 0.05743217468261719, 0.05927300453186035, 0.05750584602355957, 0.05295825004577637]}