{"1": [0.5400521755218506, 0.21986865997314453, 0.22005867958068848, 0.22312164306640625, 0.22330498695373535, 0.2195594310760498, 0.22195219993591309, 0.21988844871520996, 0.2177872657775879, 0.2185826301574707], "2": [0.14256763458251953, 0.14310455322265625, 0.1416459083557129, 0.14211082458496094, 0.14061641693115234, 0.14167380332946777, 0.1416623592376709, 0.1424884796142578, 0.1421501636505127, 0.14521527290344238], "4": [0.10987091064453125, 0.10690617561340332, 0.10544371604919434, 0.10741877555847168, 0.10550761222839355, 0.10591650009155273, 0.10750198364257812, 0.10594010353088379, 0.10659480094909668, 0.10587835311889648], "8": [0.08775782585144043, 0.08770036697387695, 0.08758354187011719, 0.08743047714233398, 0.09163713455200195, 0.08566713333129883, 0.08727383613586426, 0.08688712120056152, 0.08612704277038574, 0.08838772773742676], "16": [0.07828450202941895, 0.078643798828125, 0.07887530326843262, 0.07665205001831055, 0.07668137550354004, 0.07697510719299316, 0.07911896705627441, 0.07940864562988281, 0.07791924476623535, 0.07885861396789551], "32": [0.0749211311340332, 0.07395052909851074, 0.07637405395507812, 0.07491731643676758, 0.07414603233337402, 0.07424521446228027, 0.07431387901306152, 0.07347917556762695, 0.07511353492736816, 0.07310318946838379]}