{"1": [9.083855152130127, 8.60988974571228, 8.701709508895874, 8.651752710342407, 8.596824407577515, 8.587112426757812, 8.617953777313232, 8.599846363067627, 8.649376153945923, 8.613405466079712], "2": [4.839002847671509, 4.816226243972778, 4.834232807159424, 4.831456422805786, 4.837857961654663, 4.83232045173645, 4.83906102180481, 4.830293416976929, 5.037811994552612, 4.873661756515503], "4": [2.9399490356445312, 2.937912940979004, 2.9366350173950195, 2.938505172729492, 2.931121826171875, 2.9326817989349365, 2.9244377613067627, 2.946223735809326, 2.9445183277130127, 2.930699586868286], "8": [2.007791519165039, 2.0113284587860107, 1.9944941997528076, 1.9993443489074707, 2.0072214603424072, 2.010087490081787, 2.0016696453094482, 2.012704849243164, 1.9888684749603271, 2.019324541091919], "16": [1.5303115844726562, 1.534257173538208, 1.5152359008789062, 1.521268606185913, 1.554617166519165, 1.5188369750976562, 1.527024745941162, 1.5404422283172607, 1.5339653491973877, 1.500777006149292], "32": [1.2329826354980469, 1.2479963302612305, 1.2427723407745361, 1.271909236907959, 1.253051519393921, 1.2583262920379639, 1.2509007453918457, 1.2547171115875244, 1.2487573623657227, 1.2513325214385986]}