{"0": {"20": [0.4230177402496338, 0.3697052001953125, 0.35311031341552734, 0.3573601245880127, 0.3171570301055908, 0.35076475143432617, 0.3117661476135254, 0.32010650634765625, 0.28165316581726074, 0.35151219367980957]}, "1": {"20": [0.49251413345336914, 0.4915177822113037, 0.48426294326782227, 0.4800117015838623, 0.4718799591064453, 0.39403343200683594, 0.4034125804901123, 0.3989686965942383, 0.40966010093688965, 0.46332883834838867]}, "2": {"20": [0.808635950088501, 0.8340306282043457, 0.8111598491668701, 0.8005959987640381, 0.8365576267242432, 0.7370834350585938, 0.8123159408569336, 0.8294694423675537, 0.7298226356506348, 0.7294836044311523]}}