{"0": {"40": [1.219956398010254, 0.9558982849121094, 0.9689955711364746, 0.9154407978057861, 0.9186887741088867, 0.9991858005523682, 0.9883220195770264, 1.0267794132232666, 1.0056383609771729, 0.9955618381500244]}, "1": {"40": [2.2167344093322754, 2.072916269302368, 2.154259443283081, 2.166033983230591, 2.1244919300079346, 2.1056127548217773, 2.1363468170166016, 2.0760412216186523, 2.1254959106445312, 2.0830190181732178]}, "2": {"40": [4.3351476192474365, 4.152934312820435, 4.126955032348633, 4.11403226852417, 4.050831317901611, 4.1118597984313965, 4.072803735733032, 4.038858652114868, 4.118901491165161, 4.173252820968628]}}