{"0": {"40": [1.4145193099975586, 1.3021399974822998, 1.2872214317321777, 1.318349838256836, 1.3072211742401123, 1.309037446975708, 1.3131914138793945, 1.2996912002563477, 5.922911882400513, 1.3258605003356934]}, "1": {"40": [2.929161548614502, 7.430458068847656, 2.992785930633545, 2.837080955505371, 2.9330942630767822, 2.9394679069519043, 2.927656888961792, 2.947129011154175, 2.9190242290496826, 2.8460729122161865]}, "2": {"40": [5.8629209995269775, 5.738558769226074, 5.795381307601929, 5.728446006774902, 5.742684841156006, 5.680797815322876, 5.759366512298584, 5.714934349060059, 5.71769380569458, 5.746241092681885]}}