{"1": [5.417238235473633, 5.39236855506897, 5.478257894515991, 5.4379448890686035, 5.790874242782593, 5.432180881500244, 5.396469354629517, 5.385559558868408, 5.409546613693237, 5.410565137863159], "2": [3.095374584197998, 3.1303606033325195, 3.0388729572296143, 3.2315337657928467, 3.0506153106689453, 3.275942087173462, 3.216273069381714, 3.056901693344116, 3.1193363666534424, 3.150562286376953], "4": [1.9385569095611572, 1.9833180904388428, 2.0243287086486816, 1.9372844696044922, 1.9094867706298828, 1.8791956901550293, 1.8775978088378906, 1.8449194431304932, 2.0055792331695557, 1.843421459197998], "8": [1.259298324584961, 1.2269840240478516, 1.304701328277588, 1.2967627048492432, 1.3529486656188965, 1.2594084739685059, 1.2745087146759033, 1.2519450187683105, 1.3350963592529297, 1.2728543281555176], "16": [0.932288408279419, 0.948509931564331, 0.9263548851013184, 0.9386754035949707, 0.9332523345947266, 0.9284543991088867, 0.955202579498291, 0.9348781108856201, 0.9302685260772705, 0.9918713569641113], "32": [0.8250818252563477, 0.786064863204956, 0.8344311714172363, 0.8512711524963379, 0.8612160682678223, 0.841700553894043, 0.8484847545623779, 0.801443338394165, 0.7991595268249512, 0.8267314434051514]}