{"1": [19.40812849998474, 18.09304165840149, 19.117326974868774, 19.06448721885681, 19.266036987304688, 19.5268075466156, 19.375706434249878, 19.14910364151001, 16.85212993621826, 18.314616441726685], "2": [12.615637302398682, 13.607567310333252, 13.123085498809814, 12.108752012252808, 13.38720417022705, 13.72469687461853, 12.017482042312622, 12.158028602600098, 14.141611814498901, 12.970752000808716], "4": [10.678667306900024, 11.07249927520752, 9.836578607559204, 10.522955417633057, 9.897705793380737, 10.150223731994629, 9.877771854400635, 10.145955324172974, 10.3752920627594, 10.589594602584839], "8": [8.622079610824585, 8.81236481666565, 8.766659259796143, 8.903763055801392, 8.889477491378784, 9.000007390975952, 8.806904792785645, 8.803437232971191, 8.744122743606567, 8.75915002822876], "16": [7.774166107177734, 8.008202075958252, 7.4057087898254395, 8.051251888275146, 7.662855386734009, 8.266547679901123, 8.067080974578857, 8.07741117477417, 7.454687595367432, 7.444589853286743], "32": [7.497808456420898, 7.3502771854400635, 7.838978052139282, 7.675901889801025, 7.191678285598755, 7.490489482879639, 7.073604106903076, 7.814394235610962, 7.6992223262786865, 7.694467067718506]}