{"1": [37.26573824882507, 36.80162262916565, 35.56077694892883, 34.25371241569519, 35.21091175079346, 35.560099840164185, 38.153276443481445, 33.80078721046448, 32.99423623085022, 33.66615438461304], "2": [22.21470880508423, 21.589441537857056, 22.405147552490234, 20.26769709587097, 22.585497856140137, 22.442795038223267, 20.93659019470215, 22.55951476097107, 20.766216278076172, 21.188263654708862], "4": [13.796327352523804, 13.924633502960205, 13.94524359703064, 13.98423957824707, 14.481849670410156, 14.123096227645874, 14.119078159332275, 14.062638282775879, 13.948760509490967, 13.518592119216919], "8": [9.975639581680298, 9.71228551864624, 9.95541763305664, 9.483518123626709, 9.646312952041626, 9.805527687072754, 9.330818176269531, 9.418573141098022, 9.559892654418945, 9.38522219657898], "16": [8.052111625671387, 7.707656145095825, 7.890959739685059, 7.34569787979126, 8.027430772781372, 7.532420873641968, 7.360618829727173, 8.148317813873291, 7.4626336097717285, 7.579180717468262], "32": [6.7755773067474365, 6.462605237960815, 6.568474531173706, 6.7490479946136475, 6.698071002960205, 6.23936653137207, 6.511288166046143, 6.721766710281372, 6.630218505859375, 6.544474363327026]}