{"1": [7.94383978843689, 7.608790397644043, 7.458111524581909, 7.446209669113159, 7.373910188674927, 7.462332248687744, 7.4507060050964355, 7.374121904373169, 7.369391679763794, 7.524976491928101], "2": [4.503820896148682, 4.8654210567474365, 4.53447151184082, 4.469463586807251, 6.112774848937988, 4.509062767028809, 4.404850006103516, 5.142289876937866, 4.459214448928833, 4.391560792922974], "4": [2.9950358867645264, 2.8377041816711426, 2.9462904930114746, 3.0096404552459717, 2.976425886154175, 3.1144161224365234, 3.02772855758667, 2.9612624645233154, 2.852682590484619, 2.955566883087158], "8": [2.1075122356414795, 2.0799059867858887, 1.963219165802002, 2.0908288955688477, 2.0713393688201904, 2.0960350036621094, 2.0300452709198, 1.9903264045715332, 2.0733158588409424, 3.7124204635620117], "16": [1.6996612548828125, 1.5006980895996094, 1.6118621826171875, 1.5650413036346436, 1.6055116653442383, 1.4907026290893555, 1.598289966583252, 1.6971943378448486, 1.5367732048034668, 1.439500093460083], "32": [1.227597713470459, 1.3249177932739258, 1.3908889293670654, 1.2232332229614258, 1.5100152492523193, 1.2481651306152344, 1.2131133079528809, 1.3447024822235107, 2.9384686946868896, 3.1037535667419434]}