{"0": {"40": [1.4189229011535645, 1.2933709621429443, 1.2135255336761475, 1.2125072479248047, 1.2983324527740479, 1.336317539215088, 1.3206982612609863, 1.3028295040130615, 1.2997958660125732, 1.295954704284668]}, "1": {"40": [2.9190781116485596, 2.953406572341919, 2.9197967052459717, 2.8504221439361572, 2.87259840965271, 2.942577362060547, 2.8650617599487305, 2.924175262451172, 2.943000316619873, 2.8331992626190186]}, "2": {"40": [5.6026060581207275, 5.657488107681274, 5.637362480163574, 5.831115484237671, 5.727126359939575, 5.705741882324219, 5.671621799468994, 5.667386054992676, 5.587371587753296, 5.7947046756744385]}}