{"1": [38.90572166442871, 39.59854531288147, 42.19673252105713, 38.79836893081665, 40.767680168151855, 39.8671612739563, 39.321749687194824, 38.89703702926636, 39.24620795249939, 38.75033926963806], "2": [25.80669140815735, 25.2883780002594, 25.62380075454712, 25.340586185455322, 25.52803611755371, 25.953222513198853, 25.423492670059204, 25.472907066345215, 25.724194288253784, 25.73577618598938], "4": [16.775390148162842, 16.67841410636902, 16.60007953643799, 17.127946138381958, 16.93520736694336, 16.4754536151886, 16.711486101150513, 16.710867166519165, 16.616142511367798, 16.781580209732056], "8": [11.720991611480713, 11.50576400756836, 11.549852132797241, 11.642236232757568, 11.53001594543457, 11.474758625030518, 12.02277660369873, 11.639730453491211, 11.769798040390015, 11.789330244064331], "16": [8.784386157989502, 9.198285102844238, 8.845562934875488, 8.82160997390747, 10.134704351425171, 8.81383204460144, 10.307411193847656, 9.21918797492981, 8.850934982299805, 8.86686372756958], "32": [9.156311750411987, 8.079952001571655, 7.4992451667785645, 9.17090916633606, 7.5264458656311035, 9.912058591842651, 7.3702712059021, 7.547725200653076, 7.398588418960571, 7.3609724044799805]}