{"1": [0.4577522277832031, 0.28873538970947266, 0.2841634750366211, 0.29216527938842773, 0.2809436321258545, 0.2801339626312256, 0.2819492816925049, 0.28153038024902344, 0.2884480953216553, 0.2813832759857178], "2": [0.208876371383667, 0.19869256019592285, 0.2088301181793213, 0.19431567192077637, 0.1873171329498291, 0.20974969863891602, 0.2071702480316162, 0.2073659896850586, 0.20351123809814453, 0.19493818283081055], "4": [0.15727901458740234, 0.14591550827026367, 0.14712882041931152, 0.15956664085388184, 0.1463918685913086, 0.1566944122314453, 0.15679693222045898, 0.1613006591796875, 0.15743470191955566, 0.15744614601135254], "8": [0.11712026596069336, 0.11668133735656738, 0.11684632301330566, 0.11815810203552246, 0.1275944709777832, 0.12044000625610352, 0.11856627464294434, 0.12691402435302734, 0.11760926246643066, 0.11801886558532715], "16": [0.09943914413452148, 0.10546517372131348, 0.10486793518066406, 0.10021448135375977, 0.11264967918395996, 0.11545538902282715, 0.11340832710266113, 0.10029363632202148, 0.11647152900695801, 0.1082310676574707], "32": [0.10515427589416504, 0.09503412246704102, 0.09384012222290039, 0.08629488945007324, 0.08781218528747559, 0.09485077857971191, 0.08970475196838379, 0.09800004959106445, 0.12799549102783203, 0.07945847511291504]}