{"0": {"20": [0.5455801486968994, 0.39979982376098633, 0.3468894958496094, 0.3065345287322998, 0.312023401260376, 0.296367883682251, 0.30930304527282715, 0.29503512382507324, 0.28020191192626953, 0.2850520610809326]}, "1": {"20": [0.4087979793548584, 0.43855762481689453, 0.42348170280456543, 0.3663978576660156, 0.3492550849914551, 0.33945798873901367, 0.3895437717437744, 0.336531400680542, 0.2977268695831299, 0.32999157905578613]}, "2": {"20": [0.6897499561309814, 0.6332507133483887, 0.5643608570098877, 0.6047661304473877, 0.6350393295288086, 0.6668357849121094, 0.6072249412536621, 0.6425001621246338, 0.6602804660797119, 0.5921101570129395]}}