{"0": {"10": [0.5462648868560791, 0.17397785186767578, 0.15801000595092773, 0.1716327667236328, 0.17070364952087402, 0.1863560676574707, 0.1668257713317871, 0.17905974388122559, 0.1860959529876709, 0.18982911109924316]}, "1": {"10": [0.23265552520751953, 0.21505331993103027, 0.21810269355773926, 0.20467090606689453, 0.224822998046875, 0.22119426727294922, 0.2177133560180664, 0.21073436737060547, 0.2120990753173828, 0.14551877975463867]}, "2": {"10": [0.31851649284362793, 0.25588250160217285, 0.3084564208984375, 0.3128507137298584, 0.2765944004058838, 0.317061185836792, 0.2805929183959961, 0.2839984893798828, 0.26687192916870117, 0.34357213973999023]}}