{"0": {"80": [4.09733247756958, 3.9464683532714844, 3.926687240600586, 3.8971972465515137, 3.8983683586120605, 3.8696129322052, 3.936727285385132, 3.901437282562256, 3.954211711883545, 3.870332956314087]}, "1": {"80": [6.119361162185669, 5.834418296813965, 5.8388097286224365, 5.934157609939575, 5.845091342926025, 5.815568685531616, 5.875412225723267, 5.839029788970947, 5.829677104949951, 5.860945701599121]}, "2": {"80": [12.739126920700073, 12.873406648635864, 12.333385944366455, 12.604646682739258, 12.33768892288208, 12.276422262191772, 12.33423399925232, 12.56225323677063, 12.347594022750854, 12.611492395401001]}}