{"0": {"20": [0.515587329864502, 0.3860325813293457, 0.3795325756072998, 0.35991954803466797, 0.35567426681518555, 0.3529684543609619, 0.363222599029541, 0.39081573486328125, 0.3562915325164795, 0.37035155296325684]}, "1": {"20": [0.509697437286377, 0.5090322494506836, 0.4847426414489746, 0.48117804527282715, 0.4785747528076172, 0.4867689609527588, 0.4881165027618408, 0.4838430881500244, 0.49149608612060547, 0.4588346481323242]}, "2": {"20": [0.8243787288665771, 0.8355956077575684, 0.7520084381103516, 0.8031206130981445, 0.8107478618621826, 0.8336036205291748, 0.7854743003845215, 0.8013067245483398, 0.9017589092254639, 0.8559389114379883]}}