{"1": [0.12927794456481934, 0.12958478927612305, 0.1285996437072754, 0.12782740592956543, 0.1318655014038086, 0.12871885299682617, 0.1289384365081787, 0.12880587577819824, 0.12728595733642578, 0.12980103492736816], "2": [0.08771324157714844, 0.08445501327514648, 0.08665895462036133, 0.08720207214355469, 0.08523821830749512, 0.08572959899902344, 0.08425521850585938, 0.08463048934936523, 0.0846560001373291, 0.08735466003417969], "4": [0.06403136253356934, 0.06748008728027344, 0.06122231483459473, 0.060801029205322266, 0.06094169616699219, 0.06288814544677734, 0.06078910827636719, 0.0629129409790039, 0.06179094314575195, 0.06308412551879883], "8": [0.048993825912475586, 0.04980349540710449, 0.05190706253051758, 0.050295114517211914, 0.059258222579956055, 0.04970550537109375, 0.049817562103271484, 0.05096077919006348, 0.055829763412475586, 0.049919843673706055], "16": [0.04370307922363281, 0.04580092430114746, 0.04624629020690918, 0.04425048828125, 0.042514801025390625, 0.043595075607299805, 0.042463064193725586, 0.04453754425048828, 0.04664754867553711, 0.04554891586303711], "32": [0.042464256286621094, 0.04290938377380371, 0.04328322410583496, 0.04499626159667969, 0.05068707466125488, 0.04424929618835449, 0.046715497970581055, 0.04405975341796875, 0.044931888580322266, 0.04154801368713379]}