{"1": [0.42142462730407715, 0.08797836303710938, 0.0824582576751709, 0.08597183227539062, 0.08158397674560547, 0.08270621299743652, 0.08249449729919434, 0.08122730255126953, 0.08049607276916504, 0.08081889152526855], "2": [0.06425166130065918, 0.06294822692871094, 0.06309938430786133, 0.06236863136291504, 0.0630500316619873, 0.06253314018249512, 0.062317848205566406, 0.062265872955322266, 0.06342005729675293, 0.06275224685668945], "4": [0.05457448959350586, 0.0557103157043457, 0.05445122718811035, 0.055396318435668945, 0.05539226531982422, 0.05489659309387207, 0.05486011505126953, 0.05489158630371094, 0.05430126190185547, 0.05521416664123535], "8": [0.052025794982910156, 0.05128335952758789, 0.05312538146972656, 0.051125526428222656, 0.0514373779296875, 0.05321359634399414, 0.053269147872924805, 0.052437782287597656, 0.05239439010620117, 0.05091261863708496], "16": [0.053552865982055664, 0.053244590759277344, 0.05370521545410156, 0.05280256271362305, 0.054657697677612305, 0.05315375328063965, 0.05443930625915527, 0.05304145812988281, 0.053191423416137695, 0.053003549575805664], "32": [0.05511736869812012, 0.056214094161987305, 0.05561566352844238, 0.05486297607421875, 0.05511736869812012, 0.055624961853027344, 0.054862260818481445, 0.05571436882019043, 0.05665779113769531, 0.055568695068359375]}