{"0": {"80": [4.089216947555542, 4.017056226730347, 3.974979877471924, 3.8924667835235596, 3.8824756145477295, 3.92588210105896, 3.9501774311065674, 3.951071262359619, 3.9746828079223633, 7.915105819702148]}, "1": {"80": [6.028076648712158, 5.879625082015991, 5.874203205108643, 5.87616753578186, 5.78877592086792, 5.750234127044678, 5.835343360900879, 5.846208810806274, 5.946540355682373, 6.061940908432007]}, "2": {"80": [12.712092876434326, 12.518117904663086, 12.52286148071289, 12.418984413146973, 12.41792106628418, 12.331019163131714, 12.736241340637207, 12.914291858673096, 12.455827236175537, 12.479694366455078]}}