{"1": [1.9797964096069336, 1.518773078918457, 1.5473387241363525, 1.5175442695617676, 1.5172345638275146, 1.5168237686157227, 1.523780345916748, 1.5170183181762695, 1.5199081897735596, 1.729240894317627], "2": [0.8646931648254395, 0.8615014553070068, 0.8639988899230957, 0.8621461391448975, 0.8668549060821533, 0.858677864074707, 0.8612701892852783, 0.8599507808685303, 0.8579535484313965, 0.8611061573028564], "4": [0.5390701293945312, 0.5392935276031494, 0.5405747890472412, 0.5463447570800781, 0.5424439907073975, 0.5414063930511475, 0.5419535636901855, 0.5396921634674072, 0.5420646667480469, 0.5423176288604736], "8": [0.3783128261566162, 0.3791801929473877, 0.37788987159729004, 0.37590813636779785, 0.37745022773742676, 0.37772107124328613, 0.37424421310424805, 0.37962865829467773, 0.38042140007019043, 0.3773157596588135], "16": [0.29319071769714355, 0.2910959720611572, 0.29146265983581543, 0.29474687576293945, 0.2971675395965576, 0.2948582172393799, 0.29373860359191895, 0.2968003749847412, 0.3006870746612549, 0.29444050788879395], "32": [0.24820637702941895, 0.2518472671508789, 0.24938511848449707, 0.2509427070617676, 0.24898147583007812, 0.2529447078704834, 0.2504427433013916, 0.2521040439605713, 0.2505934238433838, 0.25423121452331543]}