{"0": {"10": [0.29239535331726074, 0.1392214298248291, 0.1390368938446045, 0.11497163772583008, 0.13702750205993652, 0.1208798885345459, 0.1302480697631836, 0.13701939582824707, 0.13497257232666016, 0.13577914237976074]}, "1": {"10": [0.1843104362487793, 0.17253327369689941, 0.17730140686035156, 0.1600632667541504, 0.18449735641479492, 0.17637157440185547, 0.17085051536560059, 0.16451120376586914, 0.17885756492614746, 0.1663346290588379]}, "2": {"10": [0.3041346073150635, 0.3010218143463135, 0.33980298042297363, 0.3007521629333496, 0.2939627170562744, 0.2904341220855713, 0.2833590507507324, 0.2999763488769531, 0.30284857749938965, 0.2890479564666748]}}