{"1": [1.6644220352172852, 1.3416285514831543, 1.2420904636383057, 1.2475008964538574, 1.242659568786621, 1.2611274719238281, 1.239959478378296, 1.334151029586792, 1.3264026641845703, 1.3594703674316406], "2": [0.8558955192565918, 0.7709681987762451, 0.8432025909423828, 0.781935453414917, 0.8613197803497314, 0.8540349006652832, 0.8522059917449951, 0.7850961685180664, 0.7678256034851074, 0.8477845191955566], "4": [0.5931429862976074, 0.568925142288208, 0.5836186408996582, 0.6071381568908691, 0.5899968147277832, 0.6058065891265869, 0.6030058860778809, 0.6098268032073975, 0.6089036464691162, 0.5934820175170898], "8": [0.4231584072113037, 0.42987537384033203, 0.42943429946899414, 0.43227148056030273, 0.439741849899292, 0.43407225608825684, 0.4423210620880127, 0.4165170192718506, 0.41740894317626953, 0.43970823287963867], "16": [0.33634352684020996, 0.3384990692138672, 0.34104228019714355, 0.3543276786804199, 0.35355281829833984, 0.3454625606536865, 0.33332109451293945, 0.33292675018310547, 0.3282153606414795, 0.34134411811828613], "32": [0.2939443588256836, 0.3060722351074219, 0.31397485733032227, 0.30444884300231934, 0.29308176040649414, 0.32123613357543945, 0.3257768154144287, 0.3197355270385742, 0.31613969802856445, 0.29649949073791504]}