{"1": [0.24151086807250977, 0.0703427791595459, 0.07016801834106445, 0.07146644592285156, 0.07039165496826172, 0.07274031639099121, 0.07771825790405273, 0.07868647575378418, 0.07351040840148926, 0.0782477855682373], "2": [0.05936694145202637, 0.05546760559082031, 0.060414791107177734, 0.05283808708190918, 0.05333709716796875, 0.05413508415222168, 0.05431962013244629, 0.05297064781188965, 0.053397178649902344, 0.053267717361450195], "4": [0.046907901763916016, 0.0463109016418457, 0.046300649642944336, 0.04463934898376465, 0.047502756118774414, 0.04558372497558594, 0.04444575309753418, 0.05255699157714844, 0.04601311683654785, 0.04385113716125488], "8": [0.041901350021362305, 0.04257702827453613, 0.040993452072143555, 0.04026341438293457, 0.04170799255371094, 0.04426908493041992, 0.04126739501953125, 0.04153919219970703, 0.039609432220458984, 0.039824724197387695], "16": [0.03855276107788086, 0.04116535186767578, 0.04187774658203125, 0.04531264305114746, 0.039344072341918945, 0.041181087493896484, 0.04015851020812988, 0.042591094970703125, 0.0415952205657959, 0.03877878189086914], "32": [0.14399981498718262, 0.05105280876159668, 0.04970955848693848, 0.09334349632263184, 0.054277896881103516, 0.04857158660888672, 0.05079221725463867, 0.05852365493774414, 0.0892336368560791, 0.050020456314086914]}