{"1": [167.20974397659302, 168.26991033554077, 168.9006862640381, 167.75036597251892, 167.0499529838562, 167.91060280799866, 176.40862894058228, 175.46176838874817, 166.87613010406494, 167.69319033622742], "2": [128.01400566101074, 127.86493301391602, 128.09456539154053, 126.37811064720154, 128.64627122879028, 129.50470852851868, 129.0799524784088, 128.28615999221802, 127.91363787651062, 128.16342663764954], "4": [89.8035614490509, 90.90370202064514, 90.18241143226624, 90.78800249099731, 91.46221041679382, 90.43448185920715, 90.17006874084473, 90.00611209869385, 90.6666669845581, 91.01093077659607], "8": [68.49115777015686, 67.46307849884033, 68.06131792068481, 66.96931886672974, 64.9801995754242, 68.15293431282043, 67.78224802017212, 65.5546088218689, 69.4472815990448, 67.97717356681824], "16": [51.93976831436157, 53.647133111953735, 52.88891863822937, 52.2318639755249, 53.40824317932129, 53.64551544189453, 52.534985065460205, 51.89403486251831, 52.082327365875244, 53.73563528060913], "32": [45.24678063392639, 45.31813073158264, 45.24024724960327, 48.644495487213135, 45.70476841926575, 46.15869164466858, 47.02110409736633, 46.390591621398926, 48.38406229019165, 45.69936919212341]}