{"1": [54.77008557319641, 55.19162917137146, 53.94366526603699, 55.152265787124634, 54.143876791000366, 54.157310009002686, 54.47787666320801, 54.17468786239624, 54.17244625091553, 54.06495428085327], "2": [29.946545839309692, 30.25424098968506, 29.675840854644775, 29.962498903274536, 30.05085587501526, 30.4492130279541, 29.672930479049683, 30.319773197174072, 30.223620414733887, 30.036334991455078], "4": [18.688830852508545, 18.15487241744995, 17.924416542053223, 18.41748070716858, 17.86242151260376, 17.84965467453003, 17.766746759414673, 17.80698537826538, 17.748291730880737, 17.7955904006958], "8": [12.365555763244629, 11.961017370223999, 12.46664047241211, 12.169069766998291, 12.580195188522339, 12.031228065490723, 11.95607876777649, 11.857149124145508, 11.880701780319214, 11.979001760482788], "16": [9.325947284698486, 8.972111463546753, 9.184711694717407, 9.136876821517944, 9.283953428268433, 8.965392351150513, 8.979623317718506, 9.146071672439575, 9.290722370147705, 9.077056407928467], "32": [7.610816717147827, 7.448337554931641, 7.592745780944824, 7.816667318344116, 7.455791711807251, 7.590204477310181, 7.726663827896118, 7.446191072463989, 7.658027648925781, 7.565557241439819]}