{"0": {"80": [2.985520839691162, 2.7955477237701416, 2.8321123123168945, 2.7150962352752686, 2.7933285236358643, 2.7295119762420654, 2.6759114265441895, 2.7853612899780273, 2.764357566833496, 2.7813191413879395]}, "1": {"80": [4.393803358078003, 4.076871871948242, 4.207781076431274, 4.231857061386108, 4.246198415756226, 4.376776218414307, 4.040104627609253, 4.238215923309326, 4.2317728996276855, 4.208619832992554]}, "2": {"80": [8.637968301773071, 9.011046409606934, 8.930059432983398, 8.995624780654907, 8.990295886993408, 8.95992136001587, 12.743237018585205, 8.952631711959839, 8.901301383972168, 8.942214965820312]}}