{"1": [5.9170989990234375, 5.696323394775391, 5.683849334716797, 9.63308310508728, 5.735141754150391, 5.823438405990601, 5.9227070808410645, 5.7473931312561035, 5.6764209270477295, 5.699912071228027], "2": [4.1099772453308105, 4.131626844406128, 7.783483505249023, 6.989858150482178, 4.243481159210205, 4.2598559856414795, 4.170920372009277, 4.121387004852295, 4.117961645126343, 4.143009185791016], "4": [3.2229950428009033, 3.2403180599212646, 3.296274423599243, 3.266094446182251, 3.332794427871704, 8.9248948097229, 6.945199489593506, 3.2971951961517334, 3.3100225925445557, 3.233555555343628], "8": [2.7619898319244385, 2.7463769912719727, 2.855283498764038, 2.7910475730895996, 2.765490770339966, 2.9340860843658447, 2.7886531352996826, 2.730397939682007, 2.763556480407715, 2.8906569480895996], "16": [2.494922637939453, 2.711939573287964, 8.249983787536621, 6.866835117340088, 2.6622629165649414, 2.543591260910034, 2.59962797164917, 2.6147305965423584, 2.574985980987549, 2.5669784545898438], "32": [2.471419095993042, 2.559936285018921, 2.6103129386901855, 2.483934164047241, 2.5651326179504395, 2.6016180515289307, 2.5057520866394043, 2.523638963699341, 2.5188138484954834, 2.5216243267059326]}