{"1": [15.639025688171387, 15.529525995254517, 15.622219562530518, 14.121295928955078, 15.698198080062866, 15.770354270935059, 14.03514051437378, 16.034958839416504, 14.068751573562622, 14.130722045898438], "2": [15.05121374130249, 11.645505905151367, 13.467771053314209, 13.210086345672607, 13.387885093688965, 15.84455156326294, 13.64679503440857, 13.054441928863525, 13.29771637916565, 13.45710563659668], "4": [16.27344799041748, 11.620823383331299, 11.807268619537354, 13.382361888885498, 11.608625650405884, 11.73213005065918, 10.174666166305542, 10.24178409576416, 11.820169925689697, 12.339824199676514], "8": [10.644202709197998, 10.670600652694702, 10.65875506401062, 10.730536222457886, 9.31442666053772, 10.623485088348389, 10.543497800827026, 10.545305967330933, 9.197912454605103, 10.590115070343018], "16": [10.092219591140747, 8.907328844070435, 13.037630796432495, 10.056378364562988, 8.703280687332153, 11.614119291305542, 8.721677303314209, 10.032687902450562, 11.998436450958252, 10.10111117362976], "32": [9.099535942077637, 9.84606385231018, 9.873293161392212, 8.629976511001587, 14.683011770248413, 9.92681074142456, 9.897874593734741, 11.478370666503906, 9.795071125030518, 14.985103845596313]}