{"1": [1.7216625213623047, 1.6598584651947021, 1.5763938426971436, 1.64255952835083, 1.8614575862884521, 1.6104786396026611, 1.5730249881744385, 1.649717092514038, 1.5425994396209717, 1.6297435760498047], "2": [1.6466946601867676, 1.747856855392456, 1.7589280605316162, 1.6470599174499512, 1.5272002220153809, 1.8699336051940918, 1.6363334655761719, 1.658294916152954, 1.736203670501709, 1.660386562347412], "4": [1.6341092586517334, 1.6523919105529785, 1.6390411853790283, 1.6682279109954834, 1.6830806732177734, 1.8306736946105957, 1.6163825988769531, 1.671752691268921, 1.6782362461090088, 1.6934235095977783], "8": [1.6421632766723633, 1.6164376735687256, 1.573624849319458, 1.6267445087432861, 1.711026668548584, 1.5504953861236572, 1.6274826526641846, 1.8589003086090088, 1.6085948944091797, 1.6124324798583984], "16": [1.6169190406799316, 1.5235180854797363, 1.7587082386016846, 1.6333882808685303, 1.5764150619506836, 1.6224391460418701, 1.9182066917419434, 1.6260952949523926, 1.8240089416503906, 1.5700912475585938], "32": [1.7190282344818115, 1.718165397644043, 1.8872244358062744, 1.7338411808013916, 1.7270026206970215, 1.7355637550354004, 1.6261608600616455, 1.6078898906707764, 1.5817184448242188, 1.752546787261963]}