{"1": [3.8882761001586914, 3.6139047145843506, 3.578355312347412, 3.5528855323791504, 3.6250901222229004, 3.6031863689422607, 3.683307647705078, 3.8291611671447754, 3.6044788360595703, 3.6412601470947266], "2": [2.612050771713257, 2.5559325218200684, 2.52311372756958, 2.5267229080200195, 2.4928150177001953, 2.5716211795806885, 2.538292169570923, 2.5778939723968506, 2.527924060821533, 2.531108856201172], "4": [1.9060332775115967, 1.9585416316986084, 1.951772928237915, 1.9451439380645752, 1.933795690536499, 1.8632924556732178, 1.8629159927368164, 1.8595800399780273, 2.006920337677002, 1.9678361415863037], "8": [1.611104965209961, 1.7650470733642578, 1.6973090171813965, 1.5443568229675293, 1.6131277084350586, 1.6093571186065674, 1.662792682647705, 1.636915922164917, 1.6454346179962158, 1.6366448402404785], "16": [1.4743647575378418, 1.4787054061889648, 1.4216432571411133, 1.413940668106079, 1.3655261993408203, 1.3735289573669434, 1.435046672821045, 1.413961410522461, 1.4270775318145752, 1.5009839534759521], "32": [1.4684550762176514, 1.2848584651947021, 6.53074836730957, 1.3810045719146729, 1.3190865516662598, 1.4483394622802734, 1.2581501007080078, 1.455193281173706, 1.3294291496276855, 1.3751513957977295]}