{"1": [0.7212486267089844, 0.5496430397033691, 0.4429295063018799, 0.5517113208770752, 0.5456295013427734, 0.5428464412689209, 0.5420799255371094, 0.5279419422149658, 0.5496001243591309, 0.5483601093292236], "2": [0.40627026557922363, 0.400954008102417, 0.4201955795288086, 0.4161362648010254, 0.4060640335083008, 0.35546112060546875, 0.40465474128723145, 0.4076552391052246, 0.40403151512145996, 0.3523566722869873], "4": [0.3270261287689209, 0.3298635482788086, 0.3247654438018799, 0.2978818416595459, 0.3366568088531494, 0.3297584056854248, 0.32843542098999023, 0.3087954521179199, 0.2825765609741211, 0.35118865966796875], "8": [0.2997720241546631, 0.29739904403686523, 0.3064613342285156, 0.30686497688293457, 0.3200492858886719, 0.32137012481689453, 0.30924105644226074, 0.2961256504058838, 0.29230165481567383, 0.28159570693969727], "16": [0.28328490257263184, 0.30654144287109375, 0.2597537040710449, 0.2628016471862793, 0.2300114631652832, 0.2718658447265625, 0.22527003288269043, 0.2357041835784912, 0.2286674976348877, 0.2548398971557617], "32": [0.23628902435302734, 0.2162773609161377, 0.21965241432189941, 0.21518778800964355, 0.2470550537109375, 0.21448183059692383, 0.21797823905944824, 0.21567320823669434, 0.31520628929138184, 0.21670866012573242]}