{"1": [3.88869, 3.80966, 3.81702], "2": [3.81702, 3.81702, 3.81702], "4": [3.81702, 3.81702, 3.81702], "8": [3.81702, 3.81702, 3.81702], "16": [3.81702, 3.81702, 3.81702], "32": [3.81702, 3.81702, 3.81702]}