{"1": [1.6001744270324707, 1.5797178745269775, 1.5866212844848633, 1.5045709609985352, 1.5764894485473633, 1.4718499183654785, 1.5845167636871338, 1.520639181137085, 1.5142979621887207, 1.5935163497924805], "2": [1.1526267528533936, 1.154268503189087, 1.162038803100586, 1.1036925315856934, 1.1616060733795166, 1.1481869220733643, 1.0964839458465576, 1.1528427600860596, 1.1831345558166504, 1.1558749675750732], "4": [0.870110273361206, 0.9217522144317627, 0.9354958534240723, 0.8847622871398926, 0.9012389183044434, 0.8436875343322754, 0.9294657707214355, 0.9535117149353027, 0.9137070178985596, 0.9182779788970947], "8": [0.7550003528594971, 0.7480602264404297, 0.8237113952636719, 0.7523839473724365, 0.7550826072692871, 0.7744553089141846, 0.7969701290130615, 0.8382275104522705, 0.75897216796875, 0.835526704788208], "16": [0.7606306076049805, 0.6759657859802246, 0.7115297317504883, 0.7069129943847656, 0.7035250663757324, 0.7813842296600342, 0.7723729610443115, 0.7730278968811035, 0.7034704685211182, 0.6968402862548828], "32": [0.6567947864532471, 0.7254488468170166, 0.62685227394104, 0.6375112533569336, 0.6402018070220947, 0.6839933395385742, 0.6354336738586426, 0.6832096576690674, 0.6313478946685791, 0.6376574039459229]}