{"1": [1.8517143726348877, 1.525719404220581, 1.5301039218902588, 1.5285801887512207, 1.5170314311981201, 1.5327978134155273, 1.5326902866363525, 1.5228047370910645, 1.415337085723877, 1.5272870063781738], "2": [1.0593774318695068, 1.0546810626983643, 0.9997479915618896, 1.0575261116027832, 1.018610954284668, 1.0590922832489014, 0.9991004467010498, 0.9874744415283203, 1.0845682621002197, 1.0537834167480469], "4": [0.8327372074127197, 0.8223419189453125, 0.7796940803527832, 0.8513331413269043, 0.7776217460632324, 0.8318891525268555, 0.7784428596496582, 0.8125090599060059, 0.7829775810241699, 0.790503978729248], "8": [0.6376044750213623, 0.6980419158935547, 0.7006540298461914, 0.7102675437927246, 0.6317906379699707, 0.6902525424957275, 0.7086913585662842, 0.6534655094146729, 0.6847455501556396, 0.6367068290710449], "16": [0.6201534271240234, 0.5562012195587158, 0.5612611770629883, 0.6356449127197266, 0.634692907333374, 0.6397762298583984, 0.6331846714019775, 0.5568485260009766, 0.5725688934326172, 0.5566425323486328], "32": [0.6251659393310547, 0.5079236030578613, 0.49794912338256836, 0.522148847579956, 0.5100255012512207, 0.4857041835784912, 0.6039140224456787, 0.6182394027709961, 0.5142121315002441, 0.6074826717376709]}