{"1": [0.5925397872924805, 0.33039164543151855, 0.33509063720703125, 0.33149003982543945, 0.3337557315826416, 0.3309361934661865, 0.33238649368286133, 0.33204221725463867, 0.33588242530822754, 0.3263587951660156], "2": [0.2449049949645996, 0.25029516220092773, 0.2357923984527588, 0.2422657012939453, 0.24086332321166992, 0.24756383895874023, 0.25867629051208496, 0.24895691871643066, 0.2503523826599121, 0.25056958198547363], "4": [0.19826936721801758, 0.19357728958129883, 0.19919252395629883, 0.19636893272399902, 0.19123148918151855, 0.19351792335510254, 0.1939084529876709, 0.18535208702087402, 0.18320655822753906, 0.18010997772216797], "8": [0.15977692604064941, 0.16359972953796387, 0.16758418083190918, 0.16106796264648438, 0.15510106086730957, 0.1518242359161377, 0.15643715858459473, 0.1505146026611328, 0.16714739799499512, 0.1639242172241211], "16": [0.15244483947753906, 0.15309500694274902, 0.1541438102722168, 0.15629029273986816, 0.1481187343597412, 0.15896010398864746, 0.15364742279052734, 0.13594365119934082, 0.14850115776062012, 0.1528489589691162], "32": [0.14774036407470703, 0.13625335693359375, 0.1614542007446289, 0.1412808895111084, 0.15165328979492188, 0.1280651092529297, 0.13858246803283691, 0.13093996047973633, 0.12269210815429688, 0.1298813819885254]}