{"1": [0.116197, 0.132989, 0.12417], "2": [0.12417, 0.12417, 0.12417], "4": [0.12417, 0.12417, 0.12417], "8": [0.12417, 0.12417, 0.12417], "16": [0.12417, 0.12417, 0.12417], "32": [0.12417, 0.12417, 0.12417]}