{"1": [2.946309804916382, 3.2342240810394287, 3.1570322513580322, 3.172147750854492, 2.9588050842285156, 2.944521903991699, 3.1201601028442383, 3.1469826698303223, 3.146604537963867, 3.148019552230835], "2": [2.7073264122009277, 2.7882421016693115, 2.7775464057922363, 2.8390047550201416, 2.5356013774871826, 2.8063673973083496, 2.7639594078063965, 2.777677297592163, 2.5640478134155273, 2.815365791320801], "4": [2.483527183532715, 2.2803328037261963, 7.209607124328613, 6.29328727722168, 2.4870529174804688, 2.263185739517212, 2.463433265686035, 2.262263298034668, 2.536461591720581, 2.4686625003814697], "8": [2.3081166744232178, 2.042351245880127, 2.2890853881835938, 2.286283493041992, 2.3236992359161377, 6.735081672668457, 2.2767350673675537, 2.308518409729004, 2.2868525981903076, 2.038926601409912], "16": [1.8804931640625, 2.193314790725708, 2.206977128982544, 2.202601194381714, 1.970250129699707, 2.2104365825653076, 2.208690881729126, 1.9902763366699219, 2.2096338272094727, 2.175090789794922], "32": [1.9834952354431152, 2.1324737071990967, 2.1746349334716797, 2.171002149581909, 2.127584218978882, 6.833223342895508, 2.1542627811431885, 2.139280080795288, 2.1802797317504883, 2.0154733657836914]}