{"1": [1.13977, 1.13977, 1.13977], "2": [1.13977, 1.13977, 1.13977], "4": [1.13977, 1.13977, 1.13977], "8": [1.13977, 1.13977, 1.13977], "16": [1.13977, 1.13977, 1.13977], "32": [1.13977, 1.13977, 1.13977]}