{"1": [0.398251, 0.398251, 0.398251], "2": [0.398251, 0.398251, 0.398251], "4": [0.398251, 0.398251, 0.398251], "8": [0.398251, 0.398251, 0.398251], "16": [0.398251, 0.398251, 0.398251], "32": [0.398251, 0.398251, 0.398251]}