{"1": [0.0893171, 0.143974, 0.0588866], "2": [0.0588866, 0.0588866, 0.0588866], "4": [0.0588866, 0.0588866, 0.0588866], "8": [0.0588866, 0.0588866, 0.0588866], "16": [0.0588866, 0.0588866, 0.0588866], "32": [0.0588866, 0.0588866, 0.0588866]}