{"1": [0.0919402, 0.0860303, 0.0830505], "2": [0.0830505, 0.0830505, 0.0830505], "4": [0.0830505, 0.0830505, 0.0830505], "8": [0.0830505, 0.0830505, 0.0830505], "16": [0.0830505, 0.0830505, 0.0830505], "32": [0.0830505, 0.0830505, 0.0830505]}