{"1": [1.567199945449829, 1.4495444297790527, 1.5475878715515137, 1.5359208583831787, 1.5246634483337402, 1.4451510906219482, 1.4471523761749268, 1.4473035335540771, 1.455582857131958, 1.4596967697143555], "2": [1.1541774272918701, 1.1403388977050781, 1.1149876117706299, 1.1296665668487549, 1.1328198909759521, 1.1252288818359375, 1.0628814697265625, 1.062753438949585, 1.0653882026672363, 1.07183837890625], "4": [0.8686361312866211, 0.8878250122070312, 0.8710782527923584, 0.9170012474060059, 0.9006426334381104, 0.9295744895935059, 0.9223065376281738, 0.8182239532470703, 0.8258001804351807, 0.8884544372558594], "8": [0.7356517314910889, 0.726830244064331, 0.7329742908477783, 0.734513521194458, 0.73750901222229, 0.7650735378265381, 0.8202328681945801, 0.8262522220611572, 0.7413585186004639, 0.8079798221588135], "16": [0.6869442462921143, 0.7661480903625488, 0.7306158542633057, 0.7585136890411377, 0.7677817344665527, 0.6680912971496582, 0.6834900379180908, 5.998396635055542, 0.7526557445526123, 0.6872818470001221], "32": [0.7728593349456787, 0.7105515003204346, 0.747159481048584, 0.638643741607666, 0.720421552658081, 0.6467785835266113, 0.7591109275817871, 0.7757625579833984, 0.6667561531066895, 0.6664614677429199]}