{"1": [0.8760499954223633, 0.13745808601379395, 0.12582111358642578, 0.1369616985321045, 0.13081002235412598, 0.1137077808380127, 0.13161373138427734, 0.13179349899291992, 0.11212706565856934, 0.11124396324157715], "2": [0.1044158935546875, 0.08765912055969238, 0.1098790168762207, 0.10982370376586914, 0.10921573638916016, 0.1086130142211914, 0.10739398002624512, 0.08704996109008789, 0.10484099388122559, 0.1027984619140625], "4": [0.09719324111938477, 0.09600543975830078, 0.09189128875732422, 0.08928656578063965, 0.09408926963806152, 0.08713293075561523, 0.09355282783508301, 0.09652256965637207, 0.08460831642150879, 0.08838820457458496], "8": [0.07842350006103516, 0.07676458358764648, 0.0853424072265625, 0.08569169044494629, 0.08942556381225586, 0.08978867530822754, 0.08567595481872559, 0.07447361946105957, 0.08323311805725098, 0.0831904411315918], "16": [0.08633852005004883, 0.07850003242492676, 0.0743720531463623, 0.07362699508666992, 0.08201193809509277, 0.07238602638244629, 0.07219457626342773, 0.0717918872833252, 0.07221341133117676, 0.08559155464172363], "32": [0.08625078201293945, 0.09968352317810059, 0.08471894264221191, 0.06464457511901855, 0.06969332695007324, 0.06269240379333496, 0.07829618453979492, 0.06663274765014648, 0.062058448791503906, 0.05786609649658203]}