{"1": [26.248326301574707, 25.924204349517822, 25.87125587463379, 25.892348766326904, 25.946192741394043, 25.98531746864319, 25.982036352157593, 25.250953197479248, 25.10892415046692, 25.06382131576538], "2": [25.549158096313477, 25.46078085899353, 25.41936683654785, 25.381959676742554, 25.45019221305847, 25.424336433410645, 25.548628568649292, 25.380593061447144, 25.540615558624268, 25.47915291786194], "4": [18.775739192962646, 18.576472282409668, 18.50742793083191, 18.337825298309326, 18.64355778694153, 18.702787399291992, 17.745525598526, 18.839864253997803, 17.899858236312866, 18.201319217681885], "8": [14.918579578399658, 15.58787488937378, 17.55815315246582, 15.629036664962769, 15.597378730773926, 15.586559057235718, 15.55529522895813, 15.430324792861938, 16.338208198547363, 15.643045902252197], "16": [13.630953550338745, 13.778703451156616, 13.822898626327515, 13.417342901229858, 13.911370515823364, 13.751645803451538, 13.97977590560913, 13.970169305801392, 16.820321559906006, 14.01659369468689], "32": [13.0483238697052, 12.942182302474976, 12.827462196350098, 13.363884210586548, 13.063608646392822, 15.776284217834473, 13.080756902694702, 13.88815188407898, 12.97450065612793, 14.09934139251709]}