{"0": {"20": [0.5026271343231201]}, "1": {"20": [0.24802112579345703]}, "2": {"20": [0.5902557373046875]}}