{"0": {"40": [0.6751923561096191]}, "1": {"40": [0.45800065994262695]}, "2": {"40": [1.3012902736663818]}}