{"0": {"20": [4.585526466369629]}, "1": {"20": [0.24635934829711914]}, "2": {"20": [0.535351037979126]}}