{"0": {"40": [0.7937827110290527]}, "1": {"40": [0.42151975631713867]}, "2": {"40": [1.4377524852752686]}}