{"0": {"20": [0.7528057098388672, 0.36792945861816406, 0.2875049114227295, 0.2880878448486328, 0.2277843952178955, 0.25998759269714355, 0.25670433044433594, 0.28214502334594727, 0.3258037567138672, 0.3038768768310547]}, "1": {"20": [0.4906432628631592, 0.4186272621154785, 0.4274141788482666, 0.4385840892791748, 0.3900306224822998, 0.4241154193878174, 0.5078177452087402, 0.41732287406921387, 0.5098080635070801, 0.49896693229675293]}, "2": {"20": [2.8196043968200684, 3.140554666519165, 3.044698476791382, 3.132549524307251, 3.0538489818573, 3.310986042022705, 3.379256010055542, 3.3073301315307617, 3.051271915435791, 2.8958780765533447]}}