{"0": {"40": [1.461944580078125, 1.0539579391479492, 1.2562592029571533, 1.1467523574829102, 1.045849323272705, 1.0553369522094727, 1.0543768405914307, 1.1189320087432861, 1.210979700088501, 1.2744064331054688]}, "1": {"40": [2.0751736164093018, 2.206907033920288, 2.419983386993408, 2.2127387523651123, 2.3944106101989746, 2.3498342037200928, 2.085155487060547, 2.2531023025512695, 2.135571241378784, 2.1674892902374268]}, "2": {"40": [21.34392023086548, 21.104438543319702, 22.61154842376709, 21.51292848587036, 21.683131456375122, 21.640526056289673, 21.23821187019348, 21.343381643295288, 21.40604305267334, 21.833296298980713]}}