{"0": {"40": [1.5641813278198242, 1.5358436107635498, 1.5300028324127197, 1.5556895732879639, 1.4613037109375, 1.5485093593597412, 1.4499382972717285, 1.540468692779541, 1.5192503929138184, 1.5508766174316406]}, "1": {"40": [0.5619556903839111, 0.5432088375091553, 0.5445642471313477, 0.5521397590637207, 0.5522692203521729, 0.5556488037109375, 0.5571713447570801, 0.5527644157409668, 0.5473232269287109, 0.5538177490234375]}, "2": {"40": [1.9050054550170898, 1.9040472507476807, 1.8866610527038574, 1.805872917175293, 1.8543198108673096, 1.9021360874176025, 1.8733034133911133, 1.8873589038848877, 1.8805491924285889, 1.8321259021759033]}}