{"0": {"10": [0.35271120071411133]}, "1": {"10": [0.36265134811401367]}, "2": {"10": [0.17186570167541504]}}