{"0": {"10": [0.437577486038208]}, "1": {"10": [0.24379754066467285]}, "2": {"10": [0.37848782539367676]}}