{"0": {"10": [0.6130392551422119, 0.14385700225830078, 0.1424112319946289, 0.14594602584838867, 0.14657044410705566, 0.14295506477355957, 0.13907504081726074, 0.143463134765625, 0.14559125900268555, 0.1378180980682373]}, "1": {"10": [0.3557310104370117, 0.20457124710083008, 0.1917557716369629, 0.18406915664672852, 0.23162102699279785, 0.20868802070617676, 0.19832158088684082, 0.20714783668518066, 0.20314240455627441, 0.20229506492614746]}, "2": {"10": [1.0646939277648926, 0.9021470546722412, 0.8290178775787354, 1.1090333461761475, 0.9383368492126465, 1.1045899391174316, 1.2216787338256836, 1.166487216949463, 1.0761618614196777, 0.9110102653503418]}}