{"0": {"80": [2.012251853942871]}, "1": {"80": [1.3161935806274414]}, "2": {"80": [5.675105333328247]}}