{"0": {"80": [1.9925191402435303]}, "1": {"80": [1.2122430801391602]}, "2": {"80": [5.608335494995117]}}