{"0": {"20": [0.46681737899780273]}, "1": {"20": [0.22634005546569824]}, "2": {"20": [0.41907739639282227]}}