{"0": {"80": [1.7693040370941162]}, "1": {"80": [1.2704212665557861]}, "2": {"80": [5.322904348373413]}}