{"0": {"40": [1.83255934715271]}, "1": {"40": [0.5422501564025879]}, "2": {"40": [1.4414710998535156]}}