{"0": {"20": [2.016256093978882, 1.598555564880371, 1.5080392360687256, 1.5042824745178223, 1.5023388862609863, 1.503467082977295, 1.5773301124572754, 1.7224783897399902, 1.5889222621917725, 1.5542302131652832]}, "1": {"20": [0.6553945541381836, 0.5543944835662842, 0.5517523288726807, 0.5425581932067871, 0.5514004230499268, 0.5579843521118164, 0.5530490875244141, 0.5621654987335205, 0.5527949333190918, 0.5569562911987305]}, "2": {"20": [1.056312084197998, 1.0719373226165771, 0.9783997535705566, 1.0633878707885742, 1.0677862167358398, 1.042452096939087, 1.0610318183898926, 1.0724050998687744, 1.0718450546264648, 1.0515930652618408]}}