{"0": {"20": [0.3534257411956787]}, "1": {"20": [0.23189377784729004]}, "2": {"20": [0.4274148941040039]}}