{"0": {"80": [5.891912221908569, 5.702657222747803, 5.635496377944946, 5.738234519958496, 5.693473815917969, 9.181668519973755, 6.725940227508545, 6.677630424499512, 5.72170352935791, 8.058107614517212]}, "1": {"80": [1.8746123313903809, 1.8517255783081055, 1.81951904296875, 1.8456921577453613, 1.8444099426269531, 1.8860795497894287, 1.884737253189087, 1.951474905014038, 1.8411014080047607, 1.819483995437622]}, "2": {"80": [8.062145948410034, 8.065805435180664, 8.077495574951172, 8.089270830154419, 7.972646951675415, 8.012485980987549, 8.237291812896729, 8.012105226516724, 8.070342540740967, 8.04273247718811]}}