{"0": {"40": [0.8571012020111084]}, "1": {"40": [0.4135251045227051]}, "2": {"40": [1.4322876930236816]}}