{"0": {"80": [2.4010863304138184]}, "1": {"80": [1.5008859634399414]}, "2": {"80": [5.450988292694092]}}