{"0": {"80": [2.6462900638580322, 2.656484842300415, 2.601149082183838, 2.7348005771636963, 2.5779473781585693, 2.408076286315918, 2.619593858718872, 2.960575819015503, 8.013696670532227, 2.505945920944214]}, "1": {"80": [4.559098482131958, 7.273849964141846, 6.445142030715942, 6.392300844192505, 4.587333917617798, 4.744426250457764, 4.432102918624878, 4.637303113937378, 4.619689464569092, 7.714088678359985]}, "2": {"80": [48.645259380340576, 48.86724257469177, 48.63017439842224, 48.243966817855835, 48.03371334075928, 48.468101978302, 48.502119064331055, 48.44065260887146, 49.115238904953, 48.3954644203186]}}