{"0": {"10": [0.7103044986724854, 0.5478830337524414, 0.5532326698303223, 0.5541603565216064, 0.5471193790435791, 0.4548637866973877, 0.5356690883636475, 0.45573854446411133, 0.5421550273895264, 0.5507485866546631]}, "1": {"10": [0.21664738655090332, 0.20560741424560547, 0.2050619125366211, 0.1997668743133545, 0.20395803451538086, 0.1859424114227295, 0.18804407119750977, 0.19942879676818848, 0.20645380020141602, 0.19243693351745605]}, "2": {"10": [0.4446218013763428, 0.365405797958374, 0.3530094623565674, 0.3221092224121094, 0.28110647201538086, 0.28218793869018555, 0.34369468688964844, 0.3518335819244385, 0.36335062980651855, 0.3579587936401367]}}