{"0": {"10": [0.9638535976409912]}, "1": {"10": [0.22765755653381348]}, "2": {"10": [0.40065598487854004]}}