{"0": {"10": [0.3326582908630371]}, "1": {"10": [0.11304783821105957]}, "2": {"10": [0.2041168212890625]}}