{"1": [2.53348, 2.97936, 3.00074], "2": [3.00074, 3.00074, 3.00074], "4": [3.00074, 3.00074, 3.00074], "8": [3.00074, 3.00074, 3.00074], "16": [3.00074, 3.00074, 3.00074], "32": [3.00074, 3.00074, 3.00074]}