{"1": [379.63582158088684, 388.72167682647705, 388.4175992012024, 390.7528431415558, 420.00940108299255, 387.92319989204407, 390.5063388347626, 373.6611182689667, 400.36805057525635, 392.29964900016785], "2": [379.7712752819061, 378.8031837940216, 379.2216398715973, 388.6135935783386, 389.4451172351837, 396.2415409088135, 394.59758710861206, 378.26059222221375, 389.6437542438507, 383.63311648368835], "4": [385.41602301597595, 387.5370352268219, 370.222913980484, 397.5645432472229, 389.00547456741333, 388.27238059043884, 388.6651780605316, 382.4735643863678, 388.9539740085602, 394.70892906188965], "8": [376.31999826431274, 389.4751317501068, 387.60377836227417, 388.6130745410919, 375.2646677494049, 388.8569130897522, 391.21190667152405, 391.35594725608826, 377.54687786102295, 396.2587113380432], "16": [390.1253161430359, 377.82730197906494, 383.34393215179443, 383.15113615989685, 382.52072930336, 368.6743652820587, 392.15839767456055, 396.49580121040344, 387.92663502693176, 369.1041028499603], "32": [371.2552332878113, 380.128879070282, 388.9402165412903, 382.1630845069885, 390.57130789756775, 388.9466586112976, 400.9756965637207, 389.753488779068, 390.0771961212158, 408.7290518283844]}