{"1": [9.499902248382568, 13.165885925292969, 9.672589302062988, 9.683809280395508, 9.728785991668701, 9.90064024925232, 9.158345460891724, 9.717307806015015, 9.605977773666382, 9.563226222991943], "2": [7.888089656829834, 7.788628578186035, 7.937438726425171, 8.36797022819519, 8.892202377319336, 8.36782431602478, 8.279244184494019, 8.29469347000122, 11.645407915115356, 8.322227001190186], "4": [7.417928218841553, 13.093921184539795, 7.409719944000244, 7.655658483505249, 7.4237895011901855, 7.3263020515441895, 12.95157790184021, 7.304215669631958, 7.398290634155273, 7.07857084274292], "8": [6.71860146522522, 8.791344165802002, 6.661831378936768, 6.717208385467529, 6.979371547698975, 7.058302640914917, 6.685458183288574, 6.720077753067017, 6.955727815628052, 9.244744062423706], "16": [6.553925037384033, 6.480997562408447, 8.747374534606934, 6.564604997634888, 6.503193616867065, 6.8016932010650635, 6.694338321685791, 6.799405097961426, 6.620688438415527, 6.540417909622192], "32": [6.765644073486328, 10.412992477416992, 6.820868015289307, 7.7830564975738525, 6.861588716506958, 8.808760166168213, 6.55861496925354, 6.479190349578857, 6.858153581619263, 6.472969055175781]}