{"1": [99.26175570487976, 99.43987321853638, 90.21374368667603, 97.99235701560974, 113.43077373504639, 93.0865695476532, 91.32730197906494, 90.3185920715332, 91.72317957878113, 98.74990487098694], "2": [89.82588338851929, 91.51279616355896, 97.6331717967987, 91.82126259803772, 97.22689175605774, 90.11996126174927, 90.82333731651306, 93.96443557739258, 91.42327380180359, 89.95286273956299], "4": [91.27067065238953, 89.63091015815735, 95.8786141872406, 91.10757684707642, 96.76438856124878, 98.29818177223206, 90.10505890846252, 116.18180727958679, 102.36104941368103, 95.3477520942688], "8": [93.2942898273468, 88.83750939369202, 98.60466647148132, 92.02949953079224, 90.18631219863892, 90.89583420753479, 91.8460054397583, 90.60771107673645, 109.95164012908936, 90.09309339523315], "16": [96.45006608963013, 90.94247937202454, 89.81437659263611, 90.25393486022949, 96.08762741088867, 92.59534358978271, 121.68374443054199, 90.6094343662262, 89.19024610519409, 90.83003973960876], "32": [89.26728343963623, 90.66844820976257, 90.36100840568542, 91.4824697971344, 94.58394455909729, 91.27453351020813, 90.10884881019592, 90.47248005867004, 89.85408973693848, 91.24982595443726]}