{"1": [252.39844179153442, 241.73435616493225, 253.60669565200806, 250.2012495994568, 238.88972973823547, 234.58696675300598, 248.7762668132782, 228.44598507881165, 231.0606701374054, 246.97724509239197], "2": [231.39281105995178, 226.50451731681824, 233.12392830848694, 234.22181463241577, 258.65870475769043, 253.26691031455994, 229.12270188331604, 242.98189997673035, 232.6339349746704, 236.88750076293945], "4": [228.90574073791504, 240.74546146392822, 233.58934020996094, 234.2958812713623, 227.63115310668945, 227.02748036384583, 228.19958066940308, 226.0904622077942, 230.43115735054016, 224.66252517700195], "8": [229.45730447769165, 229.1388177871704, 232.8236916065216, 243.7057228088379, 237.7077922821045, 228.6873230934143, 238.03214502334595, 240.35231184959412, 234.30055832862854, 240.18498849868774], "16": [234.20639777183533, 233.1632513999939, 227.22669959068298, 239.0509057044983, 240.47937035560608, 252.23539686203003, 227.35793232917786, 231.09269785881042, 231.77086400985718, 247.11668634414673], "32": [238.96960258483887, 238.17348551750183, 231.58143258094788, 250.92261338233948, 228.6753032207489, 231.7701222896576, 228.25307774543762, 230.61040043830872, 225.846759557724, 225.92034149169922]}