{"1": [4.50892, 4.45132, 4.04989], "2": [4.04989, 4.04989, 4.04989], "4": [4.04989, 4.04989, 4.04989], "8": [4.04989, 4.04989, 4.04989], "16": [4.04989, 4.04989, 4.04989], "32": [4.04989, 4.04989, 4.04989]}