{"1": [562.7996256351471, 522.7933850288391, 531.0312325954437, 557.4492659568787, 517.4083800315857, 561.3508343696594, 498.5766324996948, 501.9256489276886, 504.38111186027527, 537.3438806533813], "2": [532.1620614528656, 500.63785004615784, 516.4961671829224, 563.5871419906616, 506.2971501350403, 513.7326369285583, 506.9866666793823, 495.15294337272644, 496.80458903312683, 511.8840045928955], "4": [534.7118029594421, 558.0419807434082, 559.4933097362518, 538.3044555187225, 516.4038925170898, 495.16613006591797, 516.7314584255219, 493.5021262168884, 499.00559306144714, 532.991138458252], "8": [511.0067846775055, 502.9636459350586, 492.1648144721985, 510.43270611763, 549.7674555778503, 497.78964853286743, 514.1053168773651, 510.7908456325531, 499.3352646827698, 495.9157257080078], "16": [533.1369323730469, 490.85263228416443, 511.5871500968933, 491.70423412323, 490.4671425819397, 511.1765830516815, 564.9771738052368, 559.11945104599, 498.03971886634827, 538.8262281417847], "32": [497.8368628025055, 540.7488489151001, 494.06842613220215, 536.9241137504578, 559.3991293907166, 574.3852174282074, 501.0329942703247, 498.96981978416443, 528.1976699829102, 525.9831612110138]}