{"1": [0.12398076057434082, 0.16416144371032715, 0.024090051651000977, 0.021175146102905273, 0.05090665817260742, 0.10731816291809082, 0.14646267890930176, 0.022252321243286133, 0.024292945861816406, 0.10847187042236328], "2": [0.059751272201538086, 0.024402856826782227, 0.16971206665039062, 0.04305291175842285, 0.024562835693359375, 0.11518239974975586, 0.02562260627746582, 0.023094892501831055, 0.01909041404724121, 0.022586345672607422], "4": [0.0440526008605957, 0.03526163101196289, 0.14166522026062012, 0.07858991622924805, 0.024613142013549805, 0.28365397453308105, 0.05094742774963379, 0.022758007049560547, 0.14817547798156738, 0.03597450256347656], "8": [0.0770869255065918, 0.024898290634155273, 0.01967144012451172, 0.05853557586669922, 0.044672489166259766, 0.03928995132446289, 0.02101278305053711, 0.018857717514038086, 0.036826133728027344, 0.04283642768859863], "16": [0.03873872756958008, 0.044539451599121094, 0.036546945571899414, 0.024332523345947266, 0.02274608612060547, 0.16451025009155273, 0.04433584213256836, 0.02487015724182129, 0.04082226753234863, 0.02286839485168457], "32": [0.022081851959228516, 0.04495382308959961, 0.02146434783935547, 0.02223658561706543, 0.0487215518951416, 0.024823665618896484, 0.021666526794433594, 0.018865346908569336, 0.15549254417419434, 0.024806499481201172]}