{"1": [0.14271235466003418, 0.06574654579162598, 0.27474212646484375, 0.18323373794555664, 0.04649615287780762, 0.10019040107727051, 0.19501137733459473, 0.10833287239074707, 0.05197930335998535, 0.21216320991516113], "2": [0.11422491073608398, 0.08383345603942871, 0.17517852783203125, 0.02796030044555664, 0.14965271949768066, 0.07063937187194824, 0.28296852111816406, 0.14339804649353027, 0.16300320625305176, 0.031561851501464844], "4": [0.02553391456604004, 0.16600704193115234, 0.10107588768005371, 0.12118220329284668, 0.04044151306152344, 0.1411590576171875, 0.19238781929016113, 0.15062403678894043, 0.06174039840698242, 0.16581034660339355], "8": [0.17919540405273438, 0.1799759864807129, 0.20145869255065918, 0.022479534149169922, 0.02071404457092285, 0.021755456924438477, 0.053751468658447266, 0.04588007926940918, 0.08318829536437988, 0.02254962921142578], "16": [0.021639108657836914, 0.07994842529296875, 0.31030750274658203, 0.02274608612060547, 0.02188730239868164, 0.021659374237060547, 0.02080512046813965, 0.018866539001464844, 0.11742281913757324, 0.1898350715637207], "32": [0.020073652267456055, 0.023888111114501953, 0.06257438659667969, 0.04526042938232422, 0.1341536045074463, 0.02288341522216797, 0.023192405700683594, 0.020786523818969727, 0.020069360733032227, 0.08539295196533203]}