{"1": [0.1188058853149414, 0.08651161193847656, 0.0264434814453125, 0.04422640800476074, 0.022432327270507812, 0.02256631851196289, 0.03742551803588867, 0.021413803100585938, 0.021761178970336914, 0.019605636596679688], "2": [0.02088189125061035, 0.03434300422668457, 0.04269051551818848, 0.023960113525390625, 0.03885316848754883, 0.04057908058166504, 0.051145315170288086, 0.022909164428710938, 0.06307244300842285, 0.02472543716430664], "4": [0.021929025650024414, 0.019251585006713867, 0.021998882293701172, 0.041611433029174805, 0.023499727249145508, 0.022867202758789062, 0.03569221496582031, 0.021541833877563477, 0.023995637893676758, 0.02005290985107422], "8": [0.018055438995361328, 0.04539966583251953, 0.048670053482055664, 0.13452720642089844, 0.04843306541442871, 0.08933639526367188, 0.02167224884033203, 0.06495499610900879, 0.019554853439331055, 0.020328521728515625], "16": [0.02404165267944336, 0.019167184829711914, 0.046276092529296875, 0.022528886795043945, 0.020342588424682617, 0.016362905502319336, 0.16709589958190918, 0.04514932632446289, 0.043669939041137695, 0.023099184036254883], "32": [0.0399930477142334, 0.02085399627685547, 0.0217440128326416, 0.019056081771850586, 0.054409027099609375, 0.046558380126953125, 0.024279117584228516, 0.03225898742675781, 0.02715611457824707, 0.019901275634765625]}