{"1": [21.755752563476562, 20.721068620681763, 21.853074550628662, 20.483030557632446, 21.83527374267578, 21.65357518196106, 20.385695695877075, 20.39081645011902, 20.58560347557068, 20.42416000366211], "2": [22.398775339126587, 19.408137798309326, 18.55440354347229, 19.353387117385864, 20.91735053062439, 18.77497100830078, 18.42062759399414, 1522.722388267517, 100.45321273803711, 18.456356287002563], "4": [17.835965633392334, 18.263731956481934, 17.372925519943237, 17.412090301513672, 17.902467489242554, 18.047436237335205, 17.413443088531494, 18.014875173568726, 17.878058195114136, 18.035182237625122], "8": [17.152409315109253, 16.85034966468811, 20.16162109375, 16.73449182510376, 16.63767409324646, 16.77858066558838, 16.675945520401, 16.490989685058594, 16.80132293701172, 17.399733781814575], "16": [17.311173677444458, 16.670944452285767, 17.085532426834106, 17.086853742599487, 17.119198322296143, 16.411407470703125, 17.14359402656555, 17.142504692077637, 17.096198081970215, 17.10752010345459], "32": [16.80004858970642, 16.135168313980103, 16.906856298446655, 16.88315463066101, 16.407880544662476, 16.812864065170288, 16.850282907485962, 16.872877836227417, 16.30363178253174, 16.919639110565186]}