{"1": [225.43005418777466, 225.33681392669678, 227.811274766922, 224.55161786079407, 230.0096127986908, 225.7417950630188, 224.5095293521881, 225.2508773803711, 229.18322157859802, 217.0285906791687], "2": [225.31248092651367, 230.90060782432556, 225.30377054214478, 221.2876341342926, 226.8306906223297, 226.89160442352295, 230.24460887908936, 225.15617060661316, 217.47974014282227, 217.18171644210815], "4": [217.57559823989868, 222.34836387634277, 232.01644277572632, 216.28301310539246, 229.1594524383545, 219.60794711112976, 225.4195237159729, 226.5454363822937, 226.98192954063416, 232.54842138290405], "8": [217.7243800163269, 217.37720394134521, 219.80712628364563, 221.42590498924255, 225.96283626556396, 218.81815195083618, 225.82636404037476, 224.3276388645172, 217.13398790359497, 224.48777842521667], "16": [225.90475177764893, 226.0436978340149, 229.6133255958557, 229.17107129096985, 227.02408862113953, 216.06701588630676, 216.82577896118164, 217.6094045639038, 216.5196669101715, 216.79842114448547], "32": [218.88996839523315, 229.73804640769958, 226.45724821090698, 218.26719617843628, 216.98869800567627, 225.22410368919373, 224.83462023735046, 218.59295392036438, 216.4124321937561, 242.78472328186035]}