{"1": [158.41069889068604, 146.53272366523743, 157.1169135570526, 159.68598890304565, 155.89395666122437, 159.59985256195068, 158.9039375782013, 149.61181950569153, 149.11652946472168, 159.2196671962738], "2": [145.94895124435425, 151.8166491985321, 155.02124333381653, 161.04569053649902, 157.70809602737427, 155.68980836868286, 156.44854426383972, 149.58082723617554, 158.9784390926361, 155.70101642608643], "4": [157.73610734939575, 154.86456036567688, 155.96221232414246, 155.87562584877014, 148.8922872543335, 149.9381914138794, 154.27027034759521, 156.95171642303467, 143.57196760177612, 158.32993841171265], "8": [168.17476320266724, 154.90507197380066, 158.2782905101776, 153.85415291786194, 158.05213522911072, 158.70770907402039, 162.73108744621277, 154.7255356311798, 156.17701530456543, 154.3603663444519], "16": [157.54606676101685, 155.94026470184326, 157.70719242095947, 148.8313958644867, 159.18935704231262, 154.98332977294922, 160.0952115058899, 143.93744564056396, 144.27750492095947, 147.11902618408203], "32": [144.6961853504181, 147.51823806762695, 153.32915496826172, 153.2420630455017, 148.83634305000305, 156.353657245636, 154.29160356521606, 148.80873799324036, 167.5950734615326, 146.33635020256042]}