{"1": [92.50969338417053, 90.5534017086029, 93.70660328865051, 89.45201992988586, 129.8866744041443, 90.64182710647583, 89.95489740371704, 101.8801703453064, 93.98308873176575, 93.35950183868408], "2": [89.20488047599792, 90.30279231071472, 90.63876986503601, 90.1074469089508, 91.82188677787781, 90.38917970657349, 92.32932448387146, 109.09527611732483, 89.79884505271912, 109.42557096481323], "4": [98.16067481040955, 89.69067454338074, 91.1935179233551, 91.15708494186401, 97.65844058990479, 90.0481469631195, 92.58956718444824, 104.15537786483765, 90.15406012535095, 91.00219869613647], "8": [91.71167230606079, 94.51906633377075, 92.36924982070923, 96.919766664505, 90.74539399147034, 91.76458477973938, 105.1474723815918, 90.59884524345398, 91.81128811836243, 98.78889155387878], "16": [98.82995247840881, 93.05098247528076, 89.32102346420288, 91.55071544647217, 90.24229574203491, 89.24757933616638, 110.49815058708191, 90.59582209587097, 95.84898114204407, 93.50868010520935], "32": [90.07428669929504, 95.21454668045044, 90.34047794342041, 90.0290515422821, 91.73390650749207, 96.60745882987976, 94.37343311309814, 103.12568783760071, 88.86755633354187, 94.20041012763977]}