{"1": [0.22438526153564453, 0.04729151725769043, 0.0199587345123291, 0.1614830493927002, 0.03899741172790527, 0.021477699279785156, 0.022846460342407227, 0.14676237106323242, 0.04598093032836914, 0.02059197425842285], "2": [0.02399444580078125, 0.020088911056518555, 0.04267740249633789, 0.023197650909423828, 0.020032405853271484, 0.07218146324157715, 0.15488147735595703, 0.07036137580871582, 0.0231781005859375, 0.023144006729125977], "4": [0.04401803016662598, 0.021318435668945312, 0.02358245849609375, 0.0218050479888916, 0.21947169303894043, 0.02095484733581543, 0.018950939178466797, 0.0212557315826416, 0.10522246360778809, 0.044652462005615234], "8": [0.07491421699523926, 0.03777122497558594, 0.03972887992858887, 0.021402597427368164, 0.019244909286499023, 0.019414424896240234, 0.018311738967895508, 0.019221067428588867, 0.01713275909423828, 0.05224275588989258], "16": [0.022489309310913086, 0.02228379249572754, 0.02045464515686035, 0.021822452545166016, 0.18149328231811523, 0.02278423309326172, 0.020812273025512695, 0.038501739501953125, 0.03545689582824707, 0.022050142288208008], "32": [0.021406173706054688, 0.16213011741638184, 0.045264482498168945, 0.02039313316345215, 0.018190383911132812, 8.686591148376465, 0.1712970733642578, 0.149796724319458, 0.05529165267944336, 0.02243185043334961]}