{"0": {"20": [158.26498079299927, 151.13052082061768, 158.1539511680603, 160.06268858909607, 157.6623764038086, 159.12212109565735, 158.0611445903778, 148.23169255256653, 149.49872851371765, 158.15014481544495]}, "1": {"20": [83.52261662483215, 91.860600233078, 92.15857267379761, 83.01051115989685, 84.52118182182312, 83.62777185440063, 97.61530709266663, 99.2562620639801, 83.02751731872559, 91.59852766990662]}, "2": {"20": [93.9015154838562, 92.07673501968384, 93.75160098075867, 85.15384650230408, 94.13342189788818, 93.50361442565918, 93.9560899734497, 93.53737282752991, 93.71114158630371, 99.89005780220032]}}