{"0": {"80": [621.0722193717957]}, "1": {"80": [605.0671384334564]}, "2": {"80": [621.1156203746796]}}