{"0": {"40": [352.97146797180176, 347.12725734710693, 350.54726552963257, 354.47587275505066, 347.4519610404968, 353.97858905792236, 351.66952753067017, 351.88368105888367, 358.90689873695374, 347.9551498889923]}, "1": {"40": [366.31274795532227, 350.17384338378906, 362.5691113471985, 349.18266224861145, 349.9976818561554, 348.4127941131592, 347.77498030662537, 347.4884223937988, 349.8041265010834, 346.9712300300598]}, "2": {"40": [357.7496590614319, 357.6271507740021, 356.7082030773163, 356.28503489494324, 360.91151309013367, 356.86634516716003, 359.38211131095886, 357.9864399433136, 358.12286472320557, 359.45043301582336]}}