{"0": {"40": [39.77200722694397]}, "1": {"40": [38.976152181625366]}, "2": {"40": [46.61872172355652]}}