{"0": {"10": [10.096839904785156, 9.57953143119812, 9.933058977127075, 9.907686710357666, 9.524033784866333, 11.97709608078003, 12.541937112808228, 9.923828840255737, 9.440759420394897, 9.550710201263428]}, "1": {"10": [3.9023897647857666, 8.214227676391602, 3.695122480392456, 3.870352268218994, 3.881854295730591, 3.6288530826568604, 3.6416268348693848, 3.873152256011963, 3.7289795875549316, 3.6212399005889893]}, "2": {"10": [18.830749034881592, 18.23334264755249, 18.296470403671265, 18.104087829589844, 18.83497166633606, 18.880809545516968, 18.76040768623352, 18.722961902618408, 18.135307788848877, 18.832685947418213]}}