{"0": {"20": [50.079766273498535]}, "1": {"20": [31.03965711593628]}, "2": {"20": [44.26233172416687]}}