{"0": {"40": [34.85870885848999]}, "1": {"40": [46.42913293838501]}, "2": {"40": [184.2331826686859]}}