{"0": {"10": [3.810154676437378]}, "1": {"10": [1.0837078094482422]}, "2": {"10": [2.513538122177124]}}