{"0": {"80": [154.72900581359863]}, "1": {"80": [60.534348487854004]}, "2": {"80": [186.02424097061157]}}