{"0": {"40": [271.66439390182495]}, "1": {"40": [270.30923080444336]}, "2": {"40": [273.18619179725647]}}