{"0": {"20": [152.87268567085266, 166.63037586212158, 163.64634013175964, 146.31525325775146, 159.06209564208984, 148.28590941429138, 153.57036638259888, 158.46094632148743, 162.62983465194702, 157.5304319858551]}, "1": {"20": [86.42101383209229, 97.87128400802612, 88.08796882629395, 88.79885268211365, 81.11619734764099, 77.27325987815857, 87.91148805618286, 86.1963438987732, 78.16994071006775, 87.55573534965515]}, "2": {"20": [102.49914026260376, 89.86108016967773, 92.55609202384949, 92.58683037757874, 93.02249813079834, 93.18888211250305, 92.29328751564026, 88.83242726325989, 80.51320481300354, 82.63002347946167]}}