{"0": {"10": [4.491109132766724]}, "1": {"10": [0.6817727088928223]}, "2": {"10": [2.398918390274048]}}