{"0": {"40": [89.9365062713623, 91.7522201538086, 104.5678288936615, 92.21667838096619, 94.40961456298828, 91.00212144851685, 89.98622536659241, 90.3395402431488, 89.93088674545288, 91.60203099250793]}, "1": {"40": [90.83267450332642, 89.96161317825317, 91.2251627445221, 93.57768106460571, 92.69898390769958, 90.89127135276794, 90.2897732257843, 92.49140095710754, 91.62342596054077, 89.96372866630554]}, "2": {"40": [104.62616348266602, 94.57710695266724, 93.24070811271667, 97.82042193412781, 93.95908093452454, 94.18650126457214, 93.75845408439636, 94.7381317615509, 95.20377230644226, 96.06205153465271]}}