{"0": {"80": [220.6071469783783, 215.48818159103394, 222.34976291656494, 225.79695987701416, 217.69632506370544, 228.75070762634277, 226.530597448349, 230.06590819358826, 218.0550172328949, 219.39929628372192]}, "1": {"80": [213.55614233016968, 218.41285610198975, 220.84432435035706, 224.17102694511414, 226.96025013923645, 218.47861909866333, 224.55595088005066, 227.63736939430237, 218.86174201965332, 226.87741994857788]}, "2": {"80": [24.745989561080933, 25.017107009887695, 25.248117685317993, 25.161165237426758, 24.606746196746826, 24.914801836013794, 23.958545923233032, 23.70780849456787, 25.235711574554443, 24.416957139968872]}}