{"0": {"10": [5.9640583992004395]}, "1": {"10": [1.4515268802642822]}, "2": {"10": [3.213714122772217]}}