{"0": {"20": [32.39233732223511]}, "1": {"20": [5.368382453918457]}, "2": {"20": [24.555372953414917]}}