{"0": {"80": [347.18752789497375]}, "1": {"80": [382.56091141700745]}, "2": {"80": [395.782030582428]}}