{"0": {"40": [874.4951639175415]}, "1": {"40": [869.0782852172852]}, "2": {"40": [851.5881350040436]}}