{"0": {"20": [41.42366313934326]}, "1": {"20": [22.11397075653076]}, "2": {"20": [34.741851568222046]}}