{"0": {"80": [227.8816385269165, 227.32521533966064, 216.84321236610413, 236.13869190216064, 225.18197011947632, 224.07303762435913, 220.09260630607605, 225.05709838867188, 220.68155074119568, 230.43675327301025]}, "1": {"80": [224.53119707107544, 221.0012276172638, 226.41223335266113, 224.70780205726624, 224.56408071517944, 224.37757229804993, 220.9022831916809, 225.0439887046814, 226.142596244812, 226.79579138755798]}, "2": {"80": [25.25484538078308, 25.147040843963623, 24.929928302764893, 25.205589056015015, 24.909348964691162, 24.68963360786438, 23.891834020614624, 23.457422494888306, 24.642513513565063, 24.874834537506104]}}