{"0": {"20": [57.148682832717896]}, "1": {"20": [30.77975034713745]}, "2": {"20": [47.52458119392395]}}