{"0": {"80": [493.9455292224884]}, "1": {"80": [488.68459153175354]}, "2": {"80": [417.8673815727234]}}