{"0": {"10": [10.019444227218628, 9.36483359336853, 9.282795190811157, 9.707890272140503, 9.766164779663086, 9.746594905853271, 9.66380763053894, 9.313920974731445, 9.719684839248657, 9.677136182785034]}, "1": {"10": [3.6607186794281006, 3.8954854011535645, 3.6831119060516357, 3.858656644821167, 9.143403053283691, 6.747211456298828, 6.508081436157227, 7.221638202667236, 6.856055974960327, 3.897651433944702]}, "2": {"10": [10.492725610733032, 5.923265695571899, 6.261441230773926, 9.122112512588501, 6.67177152633667, 5.94869327545166, 6.285507440567017, 5.938905954360962, 9.62678074836731, 6.818909168243408]}}