{"0": {"10": [4.159608364105225]}, "1": {"10": [1.280806303024292]}, "2": {"10": [2.428858518600464]}}