{"1": [0.045899391174316406, 0.17438149452209473, 0.044251203536987305, 0.04440665245056152, 0.045699357986450195, 0.04420280456542969, 0.043856143951416016, 0.04420733451843262, 0.04956507682800293, 0.044226646423339844], "2": [0.037917137145996094, 0.03660774230957031, 0.03446149826049805, 0.034929513931274414, 0.03548073768615723, 0.0346226692199707, 0.04912829399108887, 0.03487396240234375, 0.0363767147064209, 0.10305309295654297], "4": [0.032073974609375, 0.033023834228515625, 0.0332181453704834, 0.031777381896972656, 0.03198504447937012, 0.04180455207824707, 0.03168654441833496, 0.03280901908874512, 0.06659698486328125, 0.03233933448791504], "8": [0.029535770416259766, 0.030034780502319336, 0.030716657638549805, 0.03124237060546875, 0.03095221519470215, 0.030892133712768555, 0.0304872989654541, 0.030475616455078125, 0.0314946174621582, 0.030841827392578125], "16": [0.031317710876464844, 0.03717851638793945, 0.028271198272705078, 0.029893875122070312, 0.03209114074707031, 0.039948225021362305, 0.031103134155273438, 0.030285358428955078, 0.03076457977294922, 0.031546592712402344], "32": [0.03153538703918457, 0.03197479248046875, 0.031021595001220703, 0.03045487403869629, 0.031241893768310547, 0.03149843215942383, 0.031697750091552734, 0.031096220016479492, 0.0306699275970459, 0.033034563064575195]}