{"1": [0.7075774669647217, 0.6993927955627441, 0.7140388488769531, 0.7012104988098145, 0.6992206573486328, 0.7019374370574951, 0.6979153156280518, 0.7007200717926025, 0.6989624500274658, 0.7018370628356934], "2": [0.4609034061431885, 0.4493281841278076, 0.4530942440032959, 0.45900869369506836, 0.45147132873535156, 0.45322751998901367, 0.45215606689453125, 0.4505932331085205, 0.45259952545166016, 0.45079660415649414], "4": [0.3249843120574951, 0.3261098861694336, 0.32721471786499023, 0.32053494453430176, 0.3247404098510742, 0.32475900650024414, 0.3271496295928955, 0.33037233352661133, 0.32587170600891113, 0.32210683822631836], "8": [0.255817174911499, 0.25431275367736816, 0.2581329345703125, 0.2586863040924072, 0.2574036121368408, 0.25757765769958496, 0.26198267936706543, 0.2554173469543457, 0.2654135227203369, 0.26318359375], "16": [0.224562406539917, 0.21886014938354492, 0.2205493450164795, 0.21846270561218262, 0.24857568740844727, 0.23054099082946777, 0.22214579582214355, 0.2244117259979248, 0.21800732612609863, 0.21927785873413086], "32": [0.21546244621276855, 0.20854473114013672, 0.211350679397583, 0.210540771484375, 0.2099316120147705, 0.2087233066558838, 0.2082836627960205, 0.20972776412963867, 0.20944809913635254, 0.2066941261291504]}