{"1": [0.6616556644439697, 0.6498527526855469, 0.6982944011688232, 0.6538338661193848, 0.6520330905914307, 0.6494708061218262, 0.6693406105041504, 0.6632390022277832, 0.6567046642303467, 0.6511647701263428], "2": [0.40431833267211914, 0.40630054473876953, 0.40767359733581543, 0.3970181941986084, 0.4059484004974365, 0.41176414489746094, 0.4044973850250244, 0.4041266441345215, 0.3986377716064453, 0.4012761116027832], "4": [0.27722668647766113, 0.2712979316711426, 0.27051806449890137, 0.2699716091156006, 0.27257347106933594, 0.2723090648651123, 0.2784311771392822, 0.2697184085845947, 0.27702760696411133, 0.27341747283935547], "8": [0.20389270782470703, 0.21184134483337402, 0.20856332778930664, 0.21312284469604492, 0.20897293090820312, 0.20706391334533691, 0.1992185115814209, 0.2033824920654297, 0.215989351272583, 0.20392775535583496], "16": [0.17732810974121094, 0.16412758827209473, 0.15798425674438477, 0.1691911220550537, 0.16479754447937012, 0.18275094032287598, 0.17298603057861328, 0.18817996978759766, 0.1875300407409668, 0.1660301685333252], "32": [0.1516575813293457, 0.16831350326538086, 0.1714167594909668, 0.16551661491394043, 0.1641395092010498, 0.16758203506469727, 0.170790433883667, 0.1634066104888916, 0.15677976608276367, 0.1527233123779297]}