{"1": [0.16379165649414062, 0.1613779067993164, 0.16247987747192383, 0.16128945350646973, 0.1633014678955078, 0.16128826141357422, 0.16330790519714355, 0.16021323204040527, 0.16079139709472656, 0.16308307647705078], "2": [0.11442995071411133, 0.1133875846862793, 0.1151268482208252, 0.11985278129577637, 0.11413168907165527, 0.11397337913513184, 0.11296629905700684, 0.11255645751953125, 0.11364173889160156, 0.11149907112121582], "4": [0.08748888969421387, 0.08750343322753906, 0.08703207969665527, 0.08843135833740234, 0.08838391304016113, 0.08757758140563965, 0.08812069892883301, 0.0889277458190918, 0.08814764022827148, 0.0873575210571289], "8": [0.08082270622253418, 0.07465338706970215, 0.0769190788269043, 0.07643461227416992, 0.0752561092376709, 0.07474946975708008, 0.07647418975830078, 0.07315278053283691, 0.07739496231079102, 0.07481122016906738], "16": [0.06568694114685059, 0.06692862510681152, 0.06878209114074707, 0.06952381134033203, 0.06696581840515137, 0.06678128242492676, 0.06919026374816895, 0.07418990135192871, 0.06496953964233398, 0.07501077651977539], "32": [0.06641650199890137, 0.06433320045471191, 0.06511807441711426, 0.06510162353515625, 0.0668182373046875, 0.06589818000793457, 0.06575226783752441, 0.06617140769958496, 0.06920313835144043, 0.06580543518066406]}