{"1": [29.490622997283936, 30.074147701263428, 29.791882514953613, 29.73031234741211, 29.54330801963806, 29.65238070487976, 29.651818990707397, 30.295161485671997, 29.933257579803467, 30.051828622817993], "2": [17.839027404785156, 17.6512291431427, 18.019561767578125, 17.77756142616272, 17.748141527175903, 17.733793258666992, 17.678734302520752, 17.729027032852173, 17.69968605041504, 17.676565170288086], "4": [11.428630828857422, 11.29110836982727, 11.322701215744019, 11.381746530532837, 11.349273920059204, 11.517306804656982, 11.286899328231812, 11.342215776443481, 11.338304281234741, 11.292783975601196], "8": [8.1381995677948, 8.230595111846924, 8.24718427658081, 8.307722091674805, 8.249394178390503, 8.571908712387085, 8.423382043838501, 8.18893837928772, 8.390489339828491, 8.240402936935425], "16": [7.1198296546936035, 6.560011625289917, 6.9025444984436035, 7.019151449203491, 6.651146650314331, 6.7271058559417725, 6.7143542766571045, 6.722261905670166, 6.674238443374634, 6.8470094203948975], "32": [6.070614814758301, 6.376283884048462, 6.363995552062988, 6.124658823013306, 6.140349626541138, 6.148495674133301, 6.223629713058472, 6.186304807662964, 6.150977373123169, 5.945143461227417]}