{"1": [4.087174892425537, 4.0082619190216064, 3.967808246612549, 4.086673021316528, 3.991016149520874, 3.990499496459961, 4.065231084823608, 3.9680471420288086, 4.080675363540649, 4.0313169956207275], "2": [2.3083276748657227, 2.338749408721924, 2.3110554218292236, 2.3145501613616943, 2.2808399200439453, 2.299184799194336, 2.280046224594116, 2.304494619369507, 2.2780747413635254, 2.4722704887390137], "4": [1.469438076019287, 1.4458167552947998, 1.5183465480804443, 1.445047378540039, 1.4978349208831787, 1.4896295070648193, 1.4664850234985352, 1.449962854385376, 1.4494833946228027, 1.5069372653961182], "8": [1.019913911819458, 1.0083353519439697, 1.0353107452392578, 1.0254781246185303, 1.0091304779052734, 1.0045075416564941, 1.0213401317596436, 1.0281927585601807, 1.0403854846954346, 1.1098434925079346], "16": [0.8461172580718994, 0.8401980400085449, 0.8018577098846436, 0.835641622543335, 0.9835562705993652, 0.800001859664917, 0.7972915172576904, 0.7995712757110596, 0.7933063507080078, 0.8674678802490234], "32": [0.740943193435669, 0.7312452793121338, 0.7122242450714111, 0.7457828521728516, 0.7602434158325195, 0.7290475368499756, 0.8166298866271973, 0.7425897121429443, 0.8518702983856201, 0.7492885589599609]}