{"1": [0.06937313079833984, 0.07243824005126953, 0.07457900047302246, 0.07139253616333008, 0.07403874397277832, 0.06933355331420898, 0.06842589378356934, 0.0718390941619873, 0.07247662544250488, 0.06885671615600586], "2": [0.06131792068481445, 0.0673818588256836, 0.05809450149536133, 0.06049942970275879, 0.053572654724121094, 0.06285881996154785, 0.05599522590637207, 0.061263322830200195, 0.055893898010253906, 0.06163144111633301], "4": [0.050202131271362305, 0.054552316665649414, 0.07120490074157715, 0.048799753189086914, 0.04544329643249512, 0.051572561264038086, 0.054872751235961914, 0.04932045936584473, 0.05449485778808594, 0.05102896690368652], "8": [0.03984498977661133, 0.04364824295043945, 0.04449868202209473, 0.04299283027648926, 0.07186555862426758, 0.04381227493286133, 0.04500555992126465, 0.04409170150756836, 0.042138099670410156, 0.04149794578552246], "16": [0.03843235969543457, 0.03751707077026367, 0.04078078269958496, 0.039751291275024414, 0.036248207092285156, 0.04703044891357422, 0.0843346118927002, 0.05103921890258789, 0.034458160400390625, 0.04252147674560547], "32": [0.035867929458618164, 0.03507375717163086, 0.03499650955200195, 0.037393808364868164, 0.04118013381958008, 0.040155649185180664, 0.03827619552612305, 0.041779279708862305, 0.041083335876464844, 0.037343740463256836]}