{"1": [0.1758279800415039, 0.16223716735839844, 0.1614704132080078, 0.16258025169372559, 0.1602029800415039, 0.16561102867126465, 0.1609787940979004, 0.16731929779052734, 0.15774893760681152, 0.15878653526306152], "2": [0.11473226547241211, 0.11794185638427734, 0.11429548263549805, 0.11711812019348145, 0.12275910377502441, 0.11104106903076172, 0.12106728553771973, 0.1226186752319336, 0.1379232406616211, 0.12354421615600586], "4": [0.0896914005279541, 0.09334874153137207, 0.08910226821899414, 0.09341287612915039, 0.09200358390808105, 0.08466506004333496, 0.08376741409301758, 0.08679747581481934, 0.08439946174621582, 0.09087324142456055], "8": [0.07460546493530273, 0.07032012939453125, 0.07294034957885742, 0.0764772891998291, 0.08101439476013184, 0.07095456123352051, 0.07058525085449219, 0.06800127029418945, 0.06623053550720215, 0.0739138126373291], "16": [0.06978249549865723, 0.06752991676330566, 0.06339192390441895, 0.0661160945892334, 0.06740045547485352, 0.061103105545043945, 0.06654977798461914, 0.06265807151794434, 0.058731794357299805, 0.06091117858886719], "32": [0.06671881675720215, 0.06042742729187012, 0.06288552284240723, 0.06348013877868652, 0.06279873847961426, 0.06014657020568848, 0.0605623722076416, 0.059474945068359375, 0.057718515396118164, 0.058971405029296875]}