{"1": [11.089426517486572, 10.346065998077393, 10.366687297821045, 11.215385437011719, 10.36723780632019], "2": [10.378601312637329, 10.328787565231323, 10.46071481704712, 11.095951080322266, 11.380324840545654], "4": [11.170454740524292, 10.368667840957642, 10.333245515823364, 11.269038915634155, 10.312511205673218], "8": [10.385718822479248, 11.087838649749756, 11.187554121017456, 10.354957818984985, 11.078723669052124], "16": [11.211627721786499, 10.274209976196289, 10.331525564193726, 11.167712211608887, 10.368460178375244], "32": [10.373226881027222, 10.425248622894287, 11.058843851089478, 11.165903568267822, 10.357562780380249]}