{"1": [32.323387145996094, 33.18707013130188, 31.424087047576904, 31.7595534324646, 33.153342723846436], "2": [21.615853309631348, 20.205000400543213, 20.077699899673462, 21.58299446105957, 20.435198307037354], "4": [14.720484495162964, 16.10054898262024, 16.124277353286743, 14.807562351226807, 14.97204875946045], "8": [11.933876514434814, 10.978933572769165, 11.029934406280518, 12.37191367149353, 12.178078889846802], "16": [9.113245964050293, 8.988533020019531, 9.934105157852173, 9.22295069694519, 9.193506717681885], "32": [8.518805265426636, 8.51927375793457, 7.737508058547974, 7.8367462158203125, 7.818339824676514]}