{"1": [1069.952731847763, 1104.9927697181702, 1073.1236176490784, 1139.0865635871887, 1108.9868593215942], "2": [722.5526168346405, 706.3471927642822, 708.0703678131104, 718.2826719284058, 704.2743360996246], "4": [525.0469090938568, 522.6570522785187, 522.7406208515167, 521.6362869739532, 521.4869067668915], "8": [396.0605299472809, 397.31832337379456, 403.9998700618744, 398.5206871032715, 406.7508738040924], "16": [345.0220582485199, 347.9266562461853, 332.8667504787445, 340.10328364372253, 330.55339074134827], "32": [313.28618597984314, 324.345431804657, 300.2286467552185, 316.50042033195496, 317.8115928173065]}