{"1": [57.61572480201721, 57.75270223617554, 57.660417795181274, 54.05360960960388, 53.93326139450073], "2": [56.45186400413513, 54.469151973724365, 57.96890211105347, 57.258116245269775, 57.213780641555786], "4": [54.6842679977417, 57.3543496131897, 54.42429542541504, 56.604955434799194, 54.08818578720093], "8": [57.36510491371155, 54.5702543258667, 54.17266011238098, 54.688657999038696, 59.23816895484924], "16": [57.7082154750824, 61.27044630050659, 55.891136169433594, 57.37348794937134, 58.21896982192993], "32": [54.42568826675415, 59.0715606212616, 57.56445097923279, 57.641014099121094, 57.29619312286377]}