{"1": [48.36772656440735, 48.84965753555298, 48.63046956062317, 48.8643844127655, 52.91102719306946], "2": [48.29320216178894, 50.9041588306427, 51.659857988357544, 107.54274249076843, 63.37581491470337], "4": [50.218485832214355, 70.67131209373474, 49.95400619506836, 48.311848640441895, 49.61028504371643], "8": [49.56107234954834, 48.83630704879761, 49.52817487716675, 49.72386455535889, 58.83444905281067], "16": [51.176122188568115, 60.05062913894653, 49.17304348945618, 49.769710302352905, 53.349053144454956], "32": [60.479764461517334, 80.85775804519653, 48.15516901016235, 48.8641459941864, 60.650691509246826]}