{"1": [3.8515732288360596, 3.347698211669922, 3.367353677749634, 3.4070146083831787, 3.5057876110076904], "2": [2.142873525619507, 2.3129899501800537, 2.0779738426208496, 7.773852586746216, 2.1583938598632812], "4": [1.4462995529174805, 1.3686835765838623, 1.438631296157837, 1.3998456001281738, 1.4809792041778564], "8": [1.0830347537994385, 1.0906689167022705, 1.0730252265930176, 1.118657112121582, 1.072174310684204], "16": [0.7968952655792236, 6.030949592590332, 0.900230884552002, 0.8495330810546875, 0.8671402931213379], "32": [0.7598843574523926, 0.7949128150939941, 0.7789182662963867, 0.8030233383178711, 0.7826876640319824]}