{"1": [0.14330506324768066, 0.09959578514099121, 0.10980415344238281, 0.10036635398864746, 0.10312294960021973, 0.08898210525512695, 0.10728240013122559, 0.09409809112548828, 0.10446500778198242, 0.08627057075500488], "2": [0.08522725105285645, 0.08447575569152832, 0.08692359924316406, 0.09159493446350098, 0.09029221534729004, 0.09027910232543945, 0.08601593971252441, 0.08789229393005371, 0.0885930061340332, 0.08623170852661133], "4": [0.07491374015808105, 0.07774686813354492, 0.07709980010986328, 0.07852578163146973, 0.11746621131896973, 0.07857441902160645, 0.07812237739562988, 0.07756853103637695, 0.07526755332946777, 0.07893180847167969], "8": [0.07017087936401367, 0.07138299942016602, 0.07168316841125488, 0.06504034996032715, 0.06327128410339355, 0.07216024398803711, 0.07154583930969238, 0.0704808235168457, 0.07159662246704102, 0.07193255424499512], "16": [0.07107019424438477, 0.07005786895751953, 0.06556344032287598, 0.0701904296875, 0.06955480575561523, 0.06094670295715332, 0.06493473052978516, 0.07106375694274902, 0.06266331672668457, 0.06374430656433105], "32": [0.06662845611572266, 0.17080473899841309, 0.05657339096069336, 0.06496977806091309, 0.047129154205322266, 0.04789996147155762, 0.059323787689208984, 0.05075335502624512, 0.05082511901855469, 0.04678988456726074]}