{"0": {"80": [4.907866954803467, 4.105860710144043, 4.101879596710205, 4.088603973388672, 4.043263912200928, 4.135019063949585, 4.10923433303833, 4.106189966201782, 4.031775951385498, 4.114825963973999]}, "1": {"80": [0.6636555194854736, 0.6422703266143799, 0.6509907245635986, 0.6571781635284424, 0.6716046333312988, 0.6352334022521973, 0.653834342956543, 0.6734280586242676, 0.6305639743804932, 0.5737860202789307]}, "2": {"80": [1.3800361156463623, 1.3457975387573242, 1.377152919769287, 1.3743886947631836, 1.3699679374694824, 1.3841197490692139, 1.4827280044555664, 1.376270055770874, 1.3765175342559814, 1.3874187469482422]}}