{"1": [12.044006586074829, 11.244887828826904, 12.017536163330078, 11.365429639816284, 11.365018367767334], "2": [7.80000114440918, 8.669096946716309, 8.662920951843262, 8.647851943969727, 7.875497341156006], "4": [6.35019063949585, 6.632234811782837, 6.396072626113892, 6.929749965667725, 6.75731635093689], "8": [5.132165431976318, 5.529976844787598, 5.017550230026245, 5.490333795547485, 4.926793813705444], "16": [4.435472726821899, 4.334902286529541, 4.266599416732788, 4.725433588027954, 4.343243837356567], "32": [4.513465166091919, 4.031158924102783, 4.475347280502319, 4.691946268081665, 4.143169164657593]}