{"1": [0.1171875, 0.11957216262817383, 0.13516736030578613, 0.11980485916137695, 0.11378073692321777], "2": [0.0935220718383789, 0.10293960571289062, 0.09557509422302246, 0.09472417831420898, 0.0915837287902832], "4": [0.08830618858337402, 0.08449673652648926, 0.09341263771057129, 0.09442687034606934, 0.0929250717163086], "8": [0.0825810432434082, 0.08710598945617676, 0.08843469619750977, 0.0828239917755127, 0.08600711822509766], "16": [0.08172345161437988, 0.08015251159667969, 0.08350229263305664, 0.08218955993652344, 0.07998442649841309], "32": [0.07798027992248535, 0.0860738754272461, 0.10045313835144043, 0.07015824317932129, 0.07612037658691406]}