{"0": {"20": [1.2462544441223145, 1.0537993907928467, 1.0478556156158447, 1.0478036403656006, 1.019942283630371, 1.0239601135253906, 1.0798804759979248, 1.0124015808105469, 1.0795726776123047, 1.098294734954834]}, "1": {"20": [0.38660717010498047, 0.37891721725463867, 0.36648130416870117, 0.34687042236328125, 0.3666822910308838, 0.4223930835723877, 0.4370005130767822, 0.34452366828918457, 0.3763148784637451, 0.3777589797973633]}, "2": {"20": [0.7154231071472168, 0.7399580478668213, 0.6910629272460938, 0.6843698024749756, 0.6809582710266113, 0.6606745719909668, 0.7393045425415039, 0.7033326625823975, 0.6893050670623779, 0.6855466365814209]}}