{"1": [3.1605024337768555, 3.0902926921844482, 3.0318310260772705, 3.0084447860717773, 3.035013198852539], "2": [2.3958888053894043, 2.2405595779418945, 2.270134925842285, 2.3978538513183594, 2.2833611965179443], "4": [1.7904109954833984, 1.8048334121704102, 1.857431411743164, 1.7666630744934082, 1.7502338886260986], "8": [1.509068250656128, 1.5153083801269531, 1.4409780502319336, 1.5341007709503174, 1.4104681015014648], "16": [1.3192598819732666, 1.2936301231384277, 1.2469675540924072, 1.2318885326385498, 1.274515151977539], "32": [1.3338572978973389, 1.1508846282958984, 1.2256746292114258, 1.20927095413208, 1.2110259532928467]}