{"0": {"40": [1.567559003829956, 1.076416254043579, 1.0766243934631348, 0.9922223091125488, 1.081009864807129, 1.0604643821716309, 0.9813060760498047, 0.9838247299194336, 0.9877479076385498, 0.9927630424499512]}, "1": {"40": [0.21294236183166504, 0.19618916511535645, 0.20357370376586914, 0.20751714706420898, 0.20706653594970703, 0.20774245262145996, 0.19787096977233887, 0.1968545913696289, 0.20113921165466309, 0.19331002235412598]}, "2": {"40": [0.41757917404174805, 0.3369870185852051, 0.3272273540496826, 0.3316650390625, 0.3325798511505127, 0.3325774669647217, 0.32024526596069336, 0.32193922996520996, 0.3200845718383789, 0.3328742980957031]}}