{"0": {"10": [1.3184764385223389, 1.0751729011535645, 0.9999914169311523, 1.0335817337036133, 1.0337872505187988, 1.03243088722229, 1.0526413917541504, 1.0956687927246094, 1.0389466285705566, 1.0474958419799805]}, "1": {"10": [0.5341722965240479, 0.4365823268890381, 0.40851759910583496, 0.4269828796386719, 0.40833544731140137, 0.41757678985595703, 0.34803342819213867, 0.32903504371643066, 0.41979122161865234, 0.4299428462982178]}, "2": {"10": [0.7115283012390137, 0.7181723117828369, 0.6929607391357422, 0.7111382484436035, 0.653125524520874, 0.6840717792510986, 0.715465784072876, 0.6810042858123779, 0.6916801929473877, 0.6867237091064453]}}