{"1": [76.95376348495483, 76.8156247138977, 78.13737678527832, 76.70775485038757, 76.78084421157837, 76.57292032241821, 76.82318878173828, 78.7329683303833, 77.12578988075256, 81.56047201156616], "2": [55.61660289764404, 57.237908124923706, 56.19760513305664, 55.44981336593628, 55.89687728881836, 56.46356129646301, 55.20424294471741, 56.53554177284241, 55.19675970077515, 55.144097328186035], "4": [39.41455698013306, 39.89889311790466, 39.665600061416626, 39.72904872894287, 39.92622661590576, 39.282530784606934, 39.6668119430542, 39.46197175979614, 39.16653227806091, 39.55974078178406], "8": [29.235203742980957, 29.15406084060669, 28.370747327804565, 28.655309200286865, 29.122641563415527, 28.384263038635254, 28.074824810028076, 28.725479125976562, 28.749850034713745, 27.94356870651245], "16": [22.118083953857422, 22.302501916885376, 22.6491916179657, 22.412994384765625, 22.936646461486816, 22.443690061569214, 23.1995108127594, 22.870631456375122, 22.233253479003906, 22.444727897644043], "32": [18.9854998588562, 18.83500862121582, 19.31542205810547, 19.662903308868408, 21.085847854614258, 19.261046886444092, 19.3335702419281, 21.459333896636963, 18.80879020690918, 19.23537039756775]}