{"0": {"80": [3.5841150283813477, 2.9092142581939697, 2.892643690109253, 3.245859384536743, 3.3151369094848633, 3.2330615520477295, 3.1972711086273193, 3.1621596813201904, 3.1549243927001953, 3.2221546173095703]}, "1": {"80": [0.5358970165252686, 0.4505338668823242, 0.5035390853881836, 0.45349550247192383, 0.48792099952697754, 0.4503915309906006, 0.3971214294433594, 0.41416382789611816, 0.45818638801574707, 0.48833513259887695]}, "2": {"80": [1.1079730987548828, 1.0706660747528076, 1.0811576843261719, 1.0423686504364014, 1.021623134613037, 1.0337467193603516, 1.1090059280395508, 1.107912302017212, 1.1075055599212646, 1.0562198162078857]}}