{"1": [2.308480739593506, 2.248509407043457, 2.2555789947509766, 2.254413604736328, 2.171558141708374, 2.168558120727539, 2.167280673980713, 2.253195285797119, 2.2853195667266846, 2.2386622428894043], "2": [1.5717484951019287, 1.4943301677703857, 1.4338626861572266, 1.4618122577667236, 1.4446101188659668, 1.4461240768432617, 1.493748664855957, 1.4371132850646973, 1.447533130645752, 1.5567035675048828], "4": [1.0698254108428955, 1.08109450340271, 1.1410489082336426, 1.0878942012786865, 1.0408594608306885, 1.0781805515289307, 1.012277364730835, 1.092867374420166, 1.0863420963287354, 1.078049659729004], "8": [0.8148353099822998, 0.7988169193267822, 0.795569658279419, 0.8128106594085693, 0.838676929473877, 0.8271839618682861, 0.863417387008667, 0.786970853805542, 0.8171341419219971, 0.8001794815063477], "16": [0.6606361865997314, 0.6892147064208984, 0.7117719650268555, 0.7072246074676514, 0.6827852725982666, 0.699312686920166, 0.7095882892608643, 0.7150325775146484, 0.7117078304290771, 0.7211768627166748], "32": [0.6011149883270264, 0.6597743034362793, 0.6513526439666748, 0.6467869281768799, 0.5937998294830322, 0.6238629817962646, 0.6072521209716797, 0.6017134189605713, 0.5543167591094971, 0.5879340171813965]}