{"0": {"20": [0.7799656391143799, 0.38625550270080566, 0.3122067451477051, 0.30805158615112305, 0.33028626441955566, 0.29987287521362305, 0.31072139739990234, 0.30358171463012695, 0.3038902282714844, 0.29885244369506836]}, "1": {"20": [0.09957575798034668, 0.09613347053527832, 0.10035276412963867, 0.10213875770568848, 0.09396147727966309, 0.08436989784240723, 0.10262107849121094, 0.08894515037536621, 0.09776782989501953, 0.08637595176696777]}, "2": {"20": [0.3236100673675537, 0.13229703903198242, 0.11087203025817871, 0.12618565559387207, 0.12945103645324707, 0.13189244270324707, 0.1250286102294922, 0.14645814895629883, 0.1322624683380127, 0.13225531578063965]}}