{"1": [0.5222833156585693, 0.1054842472076416, 0.09077191352844238, 0.0938563346862793, 0.10068178176879883], "2": [0.08697915077209473, 0.08623671531677246, 0.08846449851989746, 0.08153080940246582, 0.08245992660522461], "4": [0.07695126533508301, 0.07555174827575684, 0.07615017890930176, 0.07539057731628418, 0.0707707405090332], "8": [0.06738090515136719, 0.06822824478149414, 0.06821608543395996, 0.0666661262512207, 0.06915044784545898], "16": [0.06694674491882324, 0.06865477561950684, 0.0687398910522461, 0.07347321510314941, 0.07233881950378418], "32": [0.06809473037719727, 0.06856775283813477, 0.06580686569213867, 0.07577061653137207, 0.05209636688232422]}