{"1": [0.439988374710083, 0.3880798816680908, 0.3800818920135498, 0.4130089282989502, 0.385378360748291, 0.38149571418762207, 0.360245943069458, 0.3743124008178711, 0.3821237087249756, 0.38219380378723145], "2": [0.2548365592956543, 0.23664331436157227, 0.2512176036834717, 0.25682735443115234, 0.25581979751586914, 0.2562284469604492, 0.24233245849609375, 0.2543160915374756, 0.2578904628753662, 0.23796343803405762], "4": [0.1673595905303955, 0.18458151817321777, 0.18640351295471191, 0.18280291557312012, 0.18295717239379883, 0.18055295944213867, 0.1819744110107422, 0.18558239936828613, 0.18538951873779297, 0.18448853492736816], "8": [0.14361166954040527, 0.14383292198181152, 0.1439521312713623, 0.13192296028137207, 0.14174866676330566, 0.1425933837890625, 0.13640737533569336, 0.14778566360473633, 0.14474010467529297, 0.14351153373718262], "16": [0.12453818321228027, 0.11294364929199219, 0.12263917922973633, 0.11230254173278809, 0.12479615211486816, 0.1141502857208252, 0.12647485733032227, 0.12494468688964844, 0.12323999404907227, 0.11951446533203125], "32": [0.09396529197692871, 0.0867459774017334, 0.08495974540710449, 0.08662676811218262, 0.14872264862060547, 0.1916804313659668, 0.09864211082458496, 0.10431170463562012, 0.10767316818237305, 0.10651135444641113]}