{"0": {"10": [0.57875657081604, 0.13144469261169434, 0.14197230339050293, 0.12640929222106934, 0.1204993724822998, 0.11508393287658691, 0.12009263038635254, 0.12394475936889648, 0.127424955368042, 0.11836099624633789]}, "1": {"10": [0.08008503913879395, 0.13200950622558594, 0.06696891784667969, 0.062227725982666016, 0.061490535736083984, 0.05718255043029785, 0.05619025230407715, 0.06482267379760742, 0.06743478775024414, 0.06647753715515137]}, "2": {"10": [6.3435869216918945, 0.07692146301269531, 0.07305026054382324, 0.07225823402404785, 0.06867814064025879, 0.07477688789367676, 0.07729053497314453, 0.06770586967468262, 0.06475234031677246, 0.07810854911804199]}}