{"1": [0.3100457191467285, 0.29241323471069336, 0.2960391044616699, 0.2948014736175537, 0.2917366027832031], "2": [0.23980331420898438, 0.2379777431488037, 0.237044095993042, 0.23917651176452637, 0.2348616123199463], "4": [0.1836862564086914, 0.19364595413208008, 0.19809436798095703, 0.19395923614501953, 0.1925058364868164], "8": [0.15541768074035645, 0.15895843505859375, 0.15346074104309082, 0.15892696380615234, 0.15828537940979004], "16": [0.13924098014831543, 0.14830803871154785, 0.14673590660095215, 0.14648818969726562, 0.15284991264343262], "32": [0.16357111930847168, 0.1816849708557129, 0.1462700366973877, 0.14771270751953125, 0.1399669647216797]}