{"1": [14.397851943969727, 14.136921167373657, 14.211485862731934, 14.270255327224731, 14.155917167663574, 14.356945037841797, 14.238800764083862, 14.277903318405151, 14.203909158706665, 14.271473407745361], "2": [9.351486206054688, 9.141095876693726, 9.406991958618164, 9.179134368896484, 9.310877561569214, 9.227546215057373, 9.278337478637695, 9.190915584564209, 9.236163139343262, 9.406957864761353], "4": [6.396669149398804, 6.311579942703247, 6.3999106884002686, 6.348207473754883, 6.447067975997925, 6.493672847747803, 6.398037672042847, 6.655982971191406, 6.3582775592803955, 6.262386322021484], "8": [4.690786361694336, 4.694434404373169, 4.5680625438690186, 4.616173505783081, 4.686074256896973, 4.705421686172485, 4.696286201477051, 4.570401668548584, 4.662681818008423, 4.613372087478638], "16": [3.6541197299957275, 4.033348798751831, 3.851240396499634, 3.5947248935699463, 3.6249053478240967, 3.7579891681671143, 3.7362592220306396, 3.65442156791687, 3.701298713684082, 3.7557711601257324], "32": [3.2777822017669678, 3.189030170440674, 3.1795127391815186, 3.174281597137451, 3.077777147293091, 3.0096030235290527, 3.26885986328125, 3.382711410522461, 3.791989803314209, 3.2328057289123535]}