{"1": [0.9308352470397949, 0.8956775665283203, 0.8808670043945312, 0.8850545883178711, 0.7932476997375488, 0.7914228439331055, 0.794109582901001, 0.8748395442962646, 0.8889951705932617, 0.7886447906494141], "2": [0.5886363983154297, 0.5857088565826416, 0.5867295265197754, 0.5865991115570068, 0.5937924385070801, 0.599794864654541, 0.5963971614837646, 0.5974087715148926, 0.59578537940979, 0.5921411514282227], "4": [0.3925650119781494, 0.40978002548217773, 0.406996488571167, 0.40848350524902344, 0.40762972831726074, 0.42235493659973145, 0.42047929763793945, 0.4101450443267822, 0.40476417541503906, 0.4074440002441406], "8": [0.3000345230102539, 0.3023183345794678, 0.3045382499694824, 0.2888517379760742, 0.2973198890686035, 0.2952384948730469, 0.3106551170349121, 0.3036322593688965, 0.3096795082092285, 0.3071310520172119], "16": [0.24956035614013672, 0.2493588924407959, 0.25887560844421387, 0.2448863983154297, 0.2609214782714844, 0.26505494117736816, 0.24973750114440918, 0.26589465141296387, 0.24911808967590332, 0.26657533645629883], "32": [0.2265467643737793, 0.22448062896728516, 0.22982168197631836, 0.23566961288452148, 0.24564790725708008, 0.23289918899536133, 0.2299177646636963, 0.2367563247680664, 0.22123932838439941, 0.21585345268249512]}