{"1": [0.9483885765075684, 0.8971865177154541, 0.8890745639801025, 0.8067727088928223, 0.7983748912811279], "2": [0.6564645767211914, 0.6669485569000244, 0.6660904884338379, 0.6572997570037842, 0.6767277717590332], "4": [0.5441453456878662, 0.5121173858642578, 0.5160605907440186, 0.5071408748626709, 0.5060372352600098], "8": [0.42688727378845215, 0.40498924255371094, 0.41681480407714844, 0.4055333137512207, 0.41759490966796875], "16": [0.3698391914367676, 0.3992471694946289, 0.39510178565979004, 0.36649131774902344, 0.393543004989624], "32": [0.3577690124511719, 0.40870237350463867, 0.37050294876098633, 0.36263370513916016, 0.37108683586120605]}