{"0": {"40": [1.4726512432098389, 0.7571148872375488, 0.7019202709197998, 0.7641634941101074, 0.7124676704406738, 0.7556755542755127, 0.7363944053649902, 0.7061772346496582, 0.8514549732208252, 0.7605173587799072]}, "1": {"40": [0.1840989589691162, 0.2520732879638672, 0.2004528045654297, 0.2025918960571289, 0.19718384742736816, 0.18544387817382812, 0.1962587833404541, 0.18247270584106445, 0.19760704040527344, 0.2025585174560547]}, "2": {"40": [0.322296142578125, 0.3046584129333496, 0.2779862880706787, 0.2672443389892578, 0.3075873851776123, 0.3049185276031494, 0.27239489555358887, 0.25724077224731445, 0.25001049041748047, 0.2947349548339844]}}