{"1": [0.5079851150512695, 0.3188326358795166, 0.3206181526184082, 0.31234145164489746, 0.31763505935668945, 0.32346558570861816, 0.3269181251525879, 0.32793498039245605, 0.3217127323150635, 0.32181668281555176], "2": [0.2773768901824951, 0.2697739601135254, 0.27623581886291504, 0.2758815288543701, 0.2793245315551758, 0.2794837951660156, 0.2789113521575928, 0.27297329902648926, 0.27543020248413086, 0.27895069122314453], "4": [0.2380516529083252, 0.24292302131652832, 0.23174452781677246, 0.23414254188537598, 0.24161219596862793, 0.24269700050354004, 0.24186921119689941, 0.2417902946472168, 0.23930048942565918, 0.2410602569580078], "8": [0.21199679374694824, 0.2131342887878418, 0.21105527877807617, 0.20943522453308105, 0.21210527420043945, 0.21324706077575684, 0.2119462490081787, 0.21111416816711426, 0.2088913917541504, 0.21544289588928223], "16": [0.20093584060668945, 0.2003474235534668, 0.2036895751953125, 0.19285035133361816, 0.19980788230895996, 0.20238804817199707, 0.20511722564697266, 0.19961118698120117, 0.2012631893157959, 0.20228886604309082], "32": [0.20781517028808594, 0.2391977310180664, 0.19646334648132324, 0.25236082077026367, 0.19324564933776855, 0.19964599609375, 0.18584108352661133, 0.20223045349121094, 0.20460844039916992, 0.19698262214660645]}