{"1": [1.805067539215088, 1.053511381149292, 0.9798178672790527, 0.9393825531005859, 0.9043958187103271, 0.9961268901824951, 0.9726600646972656, 1.0061252117156982, 1.0040242671966553, 0.9087610244750977], "2": [0.6740658283233643, 0.6717431545257568, 5.623725652694702, 0.6935975551605225, 0.6706864833831787, 0.6882879734039307, 0.673426628112793, 0.6351006031036377, 0.7019407749176025, 0.67795729637146], "4": [0.489107608795166, 0.4870610237121582, 0.4598066806793213, 0.695350170135498, 0.48740482330322266, 0.5446817874908447, 0.5167355537414551, 0.4863624572753906, 0.5217013359069824, 0.4882819652557373], "8": [0.3583822250366211, 0.3597531318664551, 0.35871458053588867, 0.36239027976989746, 0.3987843990325928, 0.3632528781890869, 0.34599947929382324, 0.3691236972808838, 0.36313939094543457, 0.36098456382751465], "16": [0.3068430423736572, 0.29999613761901855, 0.2860677242279053, 0.28382229804992676, 0.3042440414428711, 0.303513765335083, 0.296741247177124, 0.3046071529388428, 0.2858259677886963, 0.2857246398925781], "32": [0.27327680587768555, 0.25644803047180176, 0.261260986328125, 0.24878287315368652, 0.29260683059692383, 0.2820115089416504, 0.34839797019958496, 0.29152870178222656, 0.31865787506103516, 0.29353880882263184]}