{"1": [0.295373, 0.261217, 0.28221], "2": [0.28221, 0.28221, 0.28221], "4": [0.28221, 0.28221, 0.28221], "8": [0.28221, 0.28221, 0.28221], "16": [0.28221, 0.28221, 0.28221], "32": [0.28221, 0.28221, 0.28221]}