{"1": [5.76905, 7.29456, 7.34143], "2": [7.34143, 7.34143, 7.34143], "4": [7.34143, 7.34143, 7.34143], "8": [7.34143, 7.34143, 7.34143], "16": [7.34143, 7.34143, 7.34143], "32": [7.34143, 7.34143, 7.34143]}