{"1": [1.802229642868042, 1.4968576431274414, 1.4596662521362305, 1.4632525444030762, 1.3685214519500732, 1.479672908782959, 1.4986956119537354, 1.4677317142486572, 1.4667837619781494, 1.4688265323638916], "2": [1.099679946899414, 1.0058276653289795, 1.1884350776672363, 1.2488787174224854, 1.4096567630767822, 1.1316962242126465, 1.190422534942627, 1.6747360229492188, 1.2648661136627197, 1.3051490783691406], "4": [0.8681657314300537, 0.9919803142547607, 0.9525675773620605, 0.9332022666931152, 1.1136538982391357, 0.8230526447296143, 0.9111099243164062, 0.8819050788879395, 0.8551223278045654, 0.8868513107299805], "8": [0.7097041606903076, 0.6678361892700195, 0.7364201545715332, 0.7573721408843994, 0.7847208976745605, 0.7838459014892578, 0.7594938278198242, 0.7703039646148682, 0.8061752319335938, 0.6986477375030518], "16": [0.7708323001861572, 0.768902063369751, 0.8012855052947998, 0.675666332244873, 0.7792561054229736, 0.7440083026885986, 0.6292505264282227, 0.6434845924377441, 0.6322751045227051, 0.6448116302490234], "32": [0.8177776336669922, 0.6502702236175537, 0.6883020401000977, 0.6448245048522949, 0.6110038757324219, 0.6119070053100586, 0.6678435802459717, 0.6453800201416016, 0.6158678531646729, 0.6333770751953125]}