{"1": [0.353258, 0.344719, 0.376279], "2": [0.376279, 0.376279, 0.376279], "4": [0.376279, 0.376279, 0.376279], "8": [0.376279, 0.376279, 0.376279], "16": [0.376279, 0.376279, 0.376279], "32": [0.376279, 0.376279, 0.376279]}