{"1": [0.293154, 0.312297, 0.306438], "2": [0.306438, 0.306438, 0.306438], "4": [0.306438, 0.306438, 0.306438], "8": [0.306438, 0.306438, 0.306438], "16": [0.306438, 0.306438, 0.306438], "32": [0.306438, 0.306438, 0.306438]}