{"1": [1.7531602382659912, 1.527311086654663, 1.4827733039855957, 1.4569437503814697, 1.470057487487793, 1.458240270614624, 1.4695734977722168, 1.4006304740905762, 1.380570650100708, 1.462083339691162], "2": [1.0192389488220215, 1.0017974376678467, 1.0894110202789307, 1.007336139678955, 1.0123469829559326, 0.9888288974761963, 1.0422589778900146, 1.087672233581543, 1.0106549263000488, 1.0901341438293457], "4": [0.8691835403442383, 0.8372533321380615, 0.910855770111084, 0.8042230606079102, 0.7888879776000977, 0.8108201026916504, 0.8705182075500488, 0.8971495628356934, 0.812413215637207, 0.8625082969665527], "8": [0.7239246368408203, 5.590314626693726, 0.7833945751190186, 0.7252159118652344, 0.7405543327331543, 0.8025867938995361, 0.7111392021179199, 0.7126781940460205, 0.8474292755126953, 0.7294180393218994], "16": [0.6917133331298828, 0.6854462623596191, 0.6729235649108887, 0.6503140926361084, 0.652787446975708, 0.8726515769958496, 0.6597495079040527, 0.6786460876464844, 0.7680830955505371, 0.658602237701416], "32": [0.6405014991760254, 0.6661567687988281, 0.6117122173309326, 0.6062700748443604, 0.6251051425933838, 0.6395266056060791, 0.6163191795349121, 0.6701381206512451, 0.6421427726745605, 0.6533088684082031]}