{"1": [209.55253338813782, 211.2798764705658, 213.45242881774902, 209.91459846496582, 210.68891978263855, 209.7758665084839, 209.89654350280762, 211.08077692985535, 208.51334643363953, 211.0926957130432], "2": [147.94365000724792, 148.09278559684753, 147.52114844322205, 148.830491065979, 148.035724401474, 148.1353452205658, 148.37233138084412, 149.68088388442993, 149.08020997047424, 148.09692692756653], "4": [103.16060972213745, 103.99721050262451, 106.81088447570801, 104.0315670967102, 106.3175938129425, 105.63811373710632, 103.26057243347168, 104.26685929298401, 106.32772755622864, 103.59484815597534], "8": [74.27798414230347, 72.34348607063293, 73.39959335327148, 71.72652864456177, 73.64748406410217, 71.6000394821167, 71.1722526550293, 73.41116571426392, 73.5616946220398, 72.16201615333557], "16": [53.33781123161316, 53.51354146003723, 53.13035607337952, 56.23523545265198, 55.01019263267517, 56.01500916481018, 53.35374426841736, 53.65049934387207, 52.5713791847229, 53.030155658721924], "32": [44.63924980163574, 44.288328647613525, 44.100202560424805, 45.276254653930664, 42.03867506980896, 45.35242009162903, 42.3851683139801, 42.264970779418945, 44.653212785720825, 44.906458377838135]}