{"1": [2.73251, 2.79771, 2.78409], "2": [2.78409, 2.78409, 2.78409], "4": [2.78409, 2.78409, 2.78409], "8": [2.78409, 2.78409, 2.78409], "16": [2.78409, 2.78409, 2.78409], "32": [2.78409, 2.78409, 2.78409]}