{"1": [1.3899915218353271, 1.1703641414642334, 1.1830296516418457, 1.1767723560333252, 1.0814332962036133, 1.085503101348877, 1.1048548221588135, 1.0845258235931396, 1.0862486362457275, 1.1511197090148926], "2": [6.493799924850464, 1.050290584564209, 1.0371315479278564, 1.0305485725402832, 0.9959304332733154, 0.9608359336853027, 0.9521031379699707, 0.9010891914367676, 0.9499859809875488, 1.0008227825164795], "4": [0.8246612548828125, 0.8169968128204346, 0.8292815685272217, 0.8497765064239502, 0.8235197067260742, 0.7550592422485352, 0.7525687217712402, 0.8598201274871826, 0.7649810314178467, 0.7792272567749023], "8": [0.6534714698791504, 0.6510610580444336, 0.6717281341552734, 0.6724882125854492, 0.6990985870361328, 0.7183880805969238, 0.6264548301696777, 0.6632006168365479, 0.718346357345581, 0.7123453617095947], "16": [0.6892714500427246, 0.6838898658752441, 0.6836481094360352, 0.7251667976379395, 0.6950843334197998, 0.6120181083679199, 0.6138575077056885, 0.6164765357971191, 0.6154944896697998, 0.6742606163024902], "32": [0.684138298034668, 0.6932003498077393, 0.7202222347259521, 0.654282808303833, 0.7353532314300537, 0.6821944713592529, 0.6642141342163086, 0.6707797050476074, 0.5498592853546143, 0.6899330615997314]}