{"1": [0.410107, 0.323811, 0.288744], "2": [0.288744, 0.288744, 0.288744], "4": [0.288744, 0.288744, 0.288744], "8": [0.288744, 0.288744, 0.288744], "16": [0.288744, 0.288744, 0.288744], "32": [0.288744, 0.288744, 0.288744]}