{"1": [0.13219, 0.141474, 0.144838], "2": [0.144838, 0.144838, 0.144838], "4": [0.144838, 0.144838, 0.144838], "8": [0.144838, 0.144838, 0.144838], "16": [0.144838, 0.144838, 0.144838], "32": [0.144838, 0.144838, 0.144838]}