{"1": [6.39983, 6.29456, 7.20955], "2": [7.20955, 7.20955, 7.20955], "4": [7.20955, 7.20955, 7.20955], "8": [7.20955, 7.20955, 7.20955], "16": [7.20955, 7.20955, 7.20955], "32": [7.20955, 7.20955, 7.20955]}