{"1": [6.085644483566284, 5.856565713882446, 5.879377365112305, 5.69305944442749, 10.2041335105896, 6.954543113708496, 5.858928442001343, 7.79248309135437, 5.836869955062866, 5.774451971054077], "2": [5.745157241821289, 10.78200626373291, 5.839258432388306, 6.292764663696289, 5.61823296546936, 11.71457815170288, 5.809704303741455, 5.973603248596191, 9.494261264801025, 6.987642526626587], "4": [4.3105363845825195, 4.250540733337402, 4.302417993545532, 8.864168167114258, 4.2968666553497314, 4.236154794692993, 4.132367849349976, 4.300361633300781, 4.317141056060791, 4.2234556674957275], "8": [3.582467555999756, 3.671579599380493, 3.7779414653778076, 3.668591022491455, 3.6753995418548584, 3.6624529361724854, 9.266703844070435, 3.6391286849975586, 3.5953919887542725, 8.595980167388916], "16": [3.3008246421813965, 3.2151472568511963, 7.437072038650513, 7.169437408447266, 3.2873451709747314, 3.200360059738159, 3.219353199005127, 3.2322282791137695, 3.2084622383117676, 3.1146914958953857], "32": [3.2272188663482666, 3.086299419403076, 3.254793405532837, 3.211613178253174, 3.2687554359436035, 3.0742969512939453, 3.2489256858825684, 3.1834588050842285, 3.2409753799438477, 3.1361305713653564]}