{"1": [4.705386161804199, 4.1308913230896, 7.519752264022827, 4.227630853652954, 4.306209325790405, 4.227760553359985, 4.373895883560181, 4.172417879104614, 4.255324363708496, 4.262674808502197], "2": [7.422466039657593, 2.7971956729888916, 2.669515609741211, 2.725132703781128, 2.654574155807495, 7.267902374267578, 2.803318738937378, 2.648982524871826, 2.7126433849334717, 2.5408592224121094], "4": [1.7661826610565186, 1.9038536548614502, 1.7939443588256836, 1.7786290645599365, 1.8432564735412598, 1.9741148948669434, 1.8334269523620605, 1.7454192638397217, 2.0392777919769287, 2.003506898880005], "8": [1.3894848823547363, 1.367460012435913, 1.2896790504455566, 1.3269269466400146, 1.2925584316253662, 1.354933261871338, 6.231713771820068, 1.41507887840271, 1.376777172088623, 1.355363368988037], "16": [1.0524466037750244, 1.0820748805999756, 1.0049519538879395, 1.1591269969940186, 1.0458219051361084, 0.9603991508483887, 1.1029901504516602, 1.0171291828155518, 1.0588734149932861, 1.191495418548584], "32": [0.930736780166626, 1.047609567642212, 0.9237895011901855, 0.9508793354034424, 0.9839026927947998, 1.0257532596588135, 0.937347412109375, 0.9415693283081055, 0.9400360584259033, 0.955761194229126]}