{"1": [0.26781344413757324, 0.1076040267944336, 0.09204602241516113, 0.08960962295532227, 0.08844161033630371, 0.08771181106567383, 0.08580136299133301, 0.08661770820617676, 0.08321261405944824, 0.09833908081054688], "2": [0.07454562187194824, 0.0951075553894043, 0.09722709655761719, 0.08826422691345215, 0.09771442413330078, 0.10101747512817383, 0.10193300247192383, 0.10139870643615723, 0.1035466194152832, 0.09812402725219727], "4": [0.09379053115844727, 0.07848548889160156, 0.07915258407592773, 0.08269429206848145, 0.09516334533691406, 0.0935678482055664, 0.07973504066467285, 0.07904291152954102, 0.08955812454223633, 0.08957362174987793], "8": [0.08954811096191406, 0.07667660713195801, 0.07762265205383301, 0.0897684097290039, 0.07857799530029297, 0.07875227928161621, 0.08727478981018066, 0.0763092041015625, 0.07861471176147461, 0.09490418434143066], "16": [0.08923506736755371, 0.07897138595581055, 0.08784985542297363, 0.08630871772766113, 0.07506465911865234, 0.07154679298400879, 0.07373762130737305, 0.08582830429077148, 0.07541131973266602, 0.07633566856384277], "32": [0.08241629600524902, 0.0886850357055664, 0.08508872985839844, 0.07468271255493164, 0.07346081733703613, 0.08987689018249512, 0.07377433776855469, 0.08715200424194336, 0.08733797073364258, 0.10543608665466309]}