{"1": [36.812965631484985, 35.392173290252686, 35.1587917804718, 38.53920269012451, 36.58257579803467, 36.8392870426178, 37.037397146224976, 36.97033739089966, 37.81808638572693, 36.55087733268738], "2": [31.62501311302185, 31.66901683807373, 30.476611614227295, 31.473787546157837, 31.412144660949707, 31.511494636535645, 31.412040948867798, 31.427871465682983, 30.292152881622314, 31.576773166656494], "4": [24.73113250732422, 25.43889021873474, 25.393810272216797, 24.183709859848022, 24.105628967285156, 25.064411401748657, 25.230552434921265, 25.113287925720215, 25.282278537750244, 24.71136784553528], "8": [21.228913068771362, 21.26176691055298, 21.72865915298462, 21.319688320159912, 21.37202787399292, 21.55099105834961, 21.162938833236694, 21.324116706848145, 22.00607442855835, 21.899497509002686], "16": [18.527108669281006, 19.45666003227234, 19.423532009124756, 19.335058212280273, 19.443096160888672, 18.481858730316162, 19.959057807922363, 19.363218545913696, 19.32066035270691, 19.39211082458496], "32": [18.852600812911987, 17.343063592910767, 18.260074377059937, 18.347070693969727, 18.742543697357178, 18.75813937187195, 18.578471660614014, 18.20948314666748, 18.84731435775757, 18.314687490463257]}