{"1": [0.2734518051147461, 0.12566494941711426, 0.12701988220214844, 0.12536311149597168, 0.12612152099609375, 0.11785507202148438, 0.11502957344055176, 0.1022336483001709, 0.12306475639343262, 0.12755584716796875], "2": [0.11481881141662598, 0.1176290512084961, 0.11835217475891113, 0.11539959907531738, 0.11656427383422852, 0.11595296859741211, 0.1163489818572998, 0.11641430854797363, 0.11274456977844238, 0.1111149787902832], "4": [0.10169386863708496, 0.09361696243286133, 0.09256100654602051, 0.10481381416320801, 0.10667967796325684, 0.103057861328125, 0.09485816955566406, 0.10612654685974121, 0.1088571548461914, 0.1071469783782959], "8": [0.09476256370544434, 0.09144139289855957, 0.10235428810119629, 0.10249567031860352, 0.10132241249084473, 0.10056304931640625, 0.10120320320129395, 0.10226893424987793, 0.10018610954284668, 0.10618042945861816], "16": [0.09905672073364258, 0.09945178031921387, 0.09288787841796875, 0.09152507781982422, 0.09671974182128906, 0.09941673278808594, 0.10140085220336914, 0.10027933120727539, 0.10125136375427246, 0.09975838661193848], "32": [0.14715266227722168, 0.07959485054016113, 0.07676267623901367, 0.077728271484375, 0.07886600494384766, 0.07581043243408203, 0.0870368480682373, 0.0793755054473877, 0.06872344017028809, 0.06775999069213867]}