{"1": [25.188535690307617, 25.786690711975098, 1633.2556462287903, 25.17086935043335, 24.816696643829346, 24.64225745201111, 24.79779291152954, 24.579476356506348, 25.32523822784424, 24.757421731948853], "2": [16.615108728408813, 15.845824480056763, 15.963337898254395, 16.087045907974243, 15.820322036743164, 16.44641399383545, 16.260345220565796, 16.40542197227478, 16.436248302459717, 15.602901697158813], "4": [10.663896799087524, 10.3828706741333, 10.629195213317871, 10.65397310256958, 12.708823680877686, 10.68806505203247, 10.410326480865479, 10.7799232006073, 10.400297403335571, 10.37837266921997], "8": [7.824221849441528, 7.626012086868286, 8.088918685913086, 7.756600856781006, 7.7819342613220215, 7.565334796905518, 7.325864315032959, 7.534618616104126, 7.400392770767212, 7.631299734115601], "16": [5.6706461906433105, 6.111493349075317, 5.874709606170654, 5.600952386856079, 5.724756240844727, 6.056243896484375, 5.728502035140991, 6.032356023788452, 5.778014183044434, 6.163803577423096], "32": [4.637365341186523, 4.610655069351196, 4.6703972816467285, 5.102383613586426, 5.039335250854492, 4.697127342224121, 5.11881160736084, 4.742522716522217, 4.672812461853027, 4.978192090988159]}