{"1": [0.130488, 0.121897, 0.193959], "2": [0.193959, 0.193959, 0.193959], "4": [0.193959, 0.193959, 0.193959], "8": [0.193959, 0.193959, 0.193959], "16": [0.193959, 0.193959, 0.193959], "32": [0.193959, 0.193959, 0.193959]}