{"0": {"40": [1.0846126079559326]}, "1": {"40": [0.673877477645874]}, "2": {"40": [1.7119073867797852]}}