{"0": {"20": [0.6032118797302246, 0.16563153266906738, 0.12958645820617676, 0.12482547760009766, 0.12669086456298828, 0.1096961498260498, 0.12814736366271973, 0.1181647777557373, 0.12776517868041992, 0.11686873435974121]}, "1": {"20": [0.10957598686218262, 0.08109092712402344, 0.07533502578735352, 0.06598448753356934, 0.06902265548706055, 0.06543827056884766, 0.08148717880249023, 0.07725930213928223, 0.07611560821533203, 0.08130335807800293]}, "2": {"20": [0.11506891250610352, 0.1273667812347412, 0.11683917045593262, 0.09975600242614746, 0.1119081974029541, 0.11345386505126953, 0.11401772499084473, 0.12445068359375, 0.11404132843017578, 0.12401843070983887]}}