{"0": {"80": [1.802976369857788, 1.7834765911102295, 1.817270040512085, 1.8033320903778076, 1.7903337478637695, 1.8264074325561523, 1.807483434677124, 1.7843267917633057, 1.6994874477386475, 1.6947383880615234]}, "1": {"80": [0.4849708080291748, 0.45461010932922363, 0.45429468154907227, 0.4562067985534668, 0.4579031467437744, 0.46321535110473633, 0.46038341522216797, 0.45899105072021484, 0.45406103134155273, 0.46598315238952637]}, "2": {"80": [2.0791337490081787, 7.242353439331055, 2.0651113986968994, 2.082659959793091, 2.067126512527466, 6.9298787117004395, 6.417034149169922, 6.217177152633667, 6.836099624633789, 2.066485643386841]}}