{"0": {"20": [1.227238655090332]}, "1": {"20": [0.4127919673919678]}, "2": {"20": [0.5490319728851318]}}