{"0": {"40": [0.6062767505645752, 0.44986915588378906, 0.4469144344329834, 0.47965121269226074, 0.4468395709991455, 0.37686586380004883, 0.36097025871276855, 0.44253015518188477, 0.44185876846313477, 0.44660282135009766]}, "1": {"40": [0.15411949157714844, 0.15155887603759766, 0.14932584762573242, 0.1441023349761963, 0.14738965034484863, 0.15205740928649902, 0.15384244918823242, 0.15375399589538574, 0.1607682704925537, 0.14304447174072266]}, "2": {"40": [0.4244685173034668, 0.4339590072631836, 0.4270632266998291, 0.4328136444091797, 0.4310030937194824, 0.4322030544281006, 0.4341583251953125, 0.4278740882873535, 0.4220850467681885, 0.42894625663757324]}}