{"0": {"20": [0.916815996170044]}, "1": {"20": [0.3552968502044678]}, "2": {"20": [0.6935350894927979]}}