{"0": {"10": [0.7747421264648438]}, "1": {"10": [0.36646175384521484]}, "2": {"10": [0.6718766689300537]}}