{"0": {"80": [1.4049437046051025, 1.0853803157806396, 1.1705327033996582, 1.1696033477783203, 1.168642520904541, 1.156348705291748, 1.161677360534668, 1.1659448146820068, 1.1555845737457275, 1.1715214252471924]}, "1": {"80": [0.46687817573547363, 0.4490365982055664, 0.45983195304870605, 0.4570493698120117, 0.4554755687713623, 0.45413899421691895, 0.4648582935333252, 0.4558241367340088, 0.6641294956207275, 0.46557188034057617]}, "2": {"80": [1.3318467140197754, 1.3338253498077393, 1.238347053527832, 1.3097519874572754, 1.3070008754730225, 1.3192846775054932, 1.3290483951568604, 1.36830472946167, 1.3207080364227295, 1.2394459247589111]}}