{"0": {"10": [1.1723401546478271]}, "1": {"10": [0.4035301208496094]}, "2": {"10": [0.887467622756958]}}