{"0": {"40": [1.0392603874206543, 0.32697415351867676, 0.324535608291626, 0.32637977600097656, 0.32646822929382324, 0.3233342170715332, 0.32379961013793945, 0.3238661289215088, 0.3316957950592041, 0.32267069816589355]}, "1": {"40": [0.17548036575317383, 0.1525263786315918, 0.15023493766784668, 0.15180420875549316, 0.15201067924499512, 0.1517622470855713, 0.15117859840393066, 0.15554141998291016, 0.1545262336730957, 0.1479339599609375]}, "2": {"40": [0.31147074699401855, 0.2936830520629883, 0.29343318939208984, 0.2913696765899658, 0.2942824363708496, 0.2909846305847168, 0.293041467666626, 0.29531145095825195, 0.29418277740478516, 0.2951979637145996]}}