{"0": {"20": [0.7518794536590576]}, "1": {"20": [0.49827122688293457]}, "2": {"20": [0.5372400283813477]}}