{"0": {"80": [6.519312381744385]}, "1": {"80": [2.4417126178741455]}, "2": {"80": [7.564275741577148]}}