{"0": {"40": [1.0430915355682373]}, "1": {"40": [0.9720489978790283]}, "2": {"40": [2.515838623046875]}}