{"0": {"20": [0.3409156799316406, 0.18187379837036133, 0.1862640380859375, 0.1728496551513672, 0.17493343353271484, 0.18566274642944336, 0.1766667366027832, 0.18228816986083984, 0.17760586738586426, 0.17478704452514648]}, "1": {"20": [0.08325552940368652, 0.07311534881591797, 0.07358622550964355, 0.07265830039978027, 0.0737912654876709, 0.07949304580688477, 0.08077120780944824, 0.07529950141906738, 0.07676410675048828, 0.08216309547424316]}, "2": {"20": [0.18856287002563477, 0.14845585823059082, 0.1487133502960205, 0.13654160499572754, 0.13524150848388672, 0.1428968906402588, 0.15132451057434082, 0.15041375160217285, 0.15549659729003906, 0.1343076229095459]}}