{"0": {"20": [0.5156540870666504]}, "1": {"20": [0.29250478744506836]}, "2": {"20": [0.5360813140869141]}}