{"0": {"10": [0.42061424255371094, 0.18865752220153809, 0.18539977073669434, 0.18579435348510742, 0.17088985443115234, 0.18425798416137695, 0.17454838752746582, 0.16703510284423828, 0.17278432846069336, 0.17141318321228027]}, "1": {"10": [0.11655545234680176, 0.08197021484375, 0.07428979873657227, 0.07753300666809082, 0.06786203384399414, 0.08218765258789062, 0.07609105110168457, 0.07434725761413574, 0.07440423965454102, 0.08530664443969727]}, "2": {"10": [0.1559751033782959, 0.15209078788757324, 0.15246248245239258, 0.15260767936706543, 0.13701605796813965, 0.1412644386291504, 0.15273690223693848, 0.1544649600982666, 0.14228415489196777, 0.13897442817687988]}}