{"0": {"40": [0.5712900161743164]}, "1": {"40": [0.7205977439880371]}, "2": {"40": [1.7542023658752441]}}