{"0": {"10": [0.771331787109375]}, "1": {"10": [0.3768932819366455]}, "2": {"10": [0.7162041664123535]}}