{"0": {"80": [8.917625427246094]}, "1": {"80": [3.2776505947113037]}, "2": {"80": [10.26034164428711]}}