{"0": {"10": [0.6837279796600342]}, "1": {"10": [0.3210444450378418]}, "2": {"10": [0.5585153102874756]}}