{"0": {"80": [6.673403739929199]}, "1": {"80": [2.4287161827087402]}, "2": {"80": [7.417145490646362]}}