{"0": {"80": [3.095688819885254]}, "1": {"80": [2.200998306274414]}, "2": {"80": [6.632296323776245]}}