{"0": {"40": [1.3034193515777588]}, "1": {"40": [0.700803279876709]}, "2": {"40": [1.8748779296875]}}