{"0": {"10": [1.0958876609802246, 0.12119674682617188, 0.11371302604675293, 0.11350727081298828, 0.10191130638122559, 0.11563706398010254, 0.11151266098022461, 0.11089468002319336, 0.10348987579345703, 0.11411309242248535]}, "1": {"10": [0.2534630298614502, 0.11482596397399902, 0.07896065711975098, 0.07569265365600586, 0.06736993789672852, 0.07628774642944336, 0.07569050788879395, 0.08215808868408203, 0.07519292831420898, 0.07248091697692871]}, "2": {"10": [0.3483889102935791, 0.13071322441101074, 0.1257007122039795, 0.14882516860961914, 0.12458539009094238, 0.11270666122436523, 0.10346126556396484, 0.10086822509765625, 0.1118919849395752, 0.11878252029418945]}}