{"0": {"10": [4.814184665679932, 4.7122697830200195, 4.488453388214111, 4.495121955871582, 4.491335391998291, 4.628031969070435, 4.614584445953369, 4.577552795410156, 4.562610864639282, 4.57602858543396]}, "1": {"10": [0.4597935676574707, 0.4500865936279297, 0.45725250244140625, 0.461169958114624, 0.4746251106262207, 0.5023837089538574, 0.5136651992797852, 0.5527360439300537, 0.5510900020599365, 0.5232877731323242]}, "2": {"10": [2.7874720096588135, 2.551961660385132, 2.6975977420806885, 2.5897083282470703, 2.7429921627044678, 2.5968847274780273, 2.6073169708251953, 2.6744630336761475, 2.796365261077881, 2.617018461227417]}}