{"0": {"20": [137.54734992980957, 139.67108511924744, 139.55583119392395, 138.86178517341614, 139.09317088127136, 138.721182346344, 139.4077353477478, 138.1180636882782, 139.6269292831421, 138.95520496368408]}, "1": {"20": [12.460198879241943, 12.05737853050232, 12.2152099609375, 12.46677041053772, 12.05875563621521, 11.98972201347351, 12.408422231674194, 12.067132472991943, 11.949707746505737, 12.3545503616333]}, "2": {"20": [54.86497712135315, 55.655786991119385, 56.27859330177307, 55.21166467666626, 54.798311948776245, 55.71095061302185, 54.50037908554077, 54.64310050010681, 55.263662576675415, 55.38439631462097]}}