{"1": [31.732474088668823, 31.81156063079834, 32.197028398513794, 32.07365846633911, 31.862849235534668, 32.13878512382507, 31.853631496429443, 31.67956256866455, 31.921334743499756, 32.041341066360474], "2": [31.81078791618347, 31.73334527015686, 31.87528657913208, 31.851604461669922, 32.17747640609741, 31.988518238067627, 31.61116313934326, 31.779590845108032, 31.676052808761597, 31.621602296829224], "4": [32.155648708343506, 31.695854902267456, 31.645511865615845, 31.726128101348877, 32.00477910041809, 32.49657917022705, 31.842289924621582, 32.23505926132202, 31.809654712677002, 31.953417778015137], "8": [31.84501576423645, 31.620379209518433, 31.826637744903564, 31.820350885391235, 32.419124364852905, 32.47519826889038, 31.920297861099243, 31.868005514144897, 31.78497552871704, 31.89269185066223], "16": [31.782367706298828, 32.01975607872009, 31.87291121482849, 32.14565181732178, 31.828986167907715, 31.815187692642212, 31.800463914871216, 31.78349804878235, 31.547545194625854, 31.7145254611969], "32": [31.874378442764282, 31.80857491493225, 31.864749908447266, 32.14491510391235, 32.27422046661377, 31.726176977157593, 31.76667857170105, 31.77453875541687, 32.37079453468323, 31.93630838394165]}