{"1": [7.59173, 8.22082, 7.53641], "2": [7.53641, 7.53641, 7.53641], "4": [7.53641, 7.53641, 7.53641], "8": [7.53641, 7.53641, 7.53641], "16": [7.53641, 7.53641, 7.53641], "32": [7.53641, 7.53641, 7.53641]}