{"1": [11.292829036712646, 11.290618896484375, 11.452650785446167, 11.305848836898804, 11.36370038986206, 11.342872619628906, 11.263341426849365, 11.361277103424072, 11.225708723068237, 11.2373788356781], "2": [11.441943883895874, 11.265076637268066, 11.247437000274658, 11.278909921646118, 11.536941051483154, 11.257617712020874, 11.186197996139526, 11.439683437347412, 11.23807168006897, 11.236285924911499], "4": [11.158640623092651, 11.0750572681427, 11.366647005081177, 11.315347909927368, 11.22935152053833, 11.249937772750854, 11.201784372329712, 11.232805728912354, 11.217441320419312, 11.46311330795288], "8": [11.340675115585327, 11.442052841186523, 11.217597961425781, 11.257134914398193, 11.287150859832764, 11.316670656204224, 11.288727283477783, 11.462608814239502, 11.486199378967285, 11.351712226867676], "16": [11.325117349624634, 11.218155145645142, 12.010066747665405, 11.487949848175049, 11.194269180297852, 11.39214301109314, 11.19388461112976, 11.315159559249878, 11.423545598983765, 11.192638635635376], "32": [11.342336893081665, 11.323880672454834, 11.288481712341309, 11.182250261306763, 11.290742635726929, 11.46829867362976, 11.244860410690308, 11.582865953445435, 11.547877788543701, 11.207447290420532]}