{"1": [183.4400622844696, 187.51898455619812, 203.9467146396637, 192.84409713745117, 183.02594637870789, 190.40897417068481, 184.82489919662476, 182.3176305294037, 181.8344271183014, 183.7295093536377], "2": [183.9635226726532, 183.64850187301636, 182.33256244659424, 186.15486025810242, 182.53638339042664, 183.4400017261505, 182.615327835083, 183.10164046287537, 182.39339923858643, 180.22245144844055], "4": [180.58552026748657, 182.86506700515747, 179.87465238571167, 179.8898265361786, 209.65792179107666, 180.5491235256195, 179.2341911792755, 182.69318389892578, 181.480815410614, 181.385103225708], "8": [180.91744303703308, 181.55274629592896, 180.6860363483429, 184.7352259159088, 180.02908039093018, 185.78440284729004, 180.591153383255, 182.37702178955078, 180.67513513565063, 180.66237473487854], "16": [181.33145713806152, 181.34610438346863, 184.71047806739807, 183.50816082954407, 182.53852248191833, 180.60767579078674, 180.8734748363495, 179.9592182636261, 181.49187707901, 181.5695767402649], "32": [182.47641229629517, 181.9184763431549, 180.0030858516693, 187.3704068660736, 186.77541041374207, 180.22313690185547, 181.76119923591614, 196.273334980011, 188.82398438453674, 181.2691695690155]}