{"1": [1.62857, 1.48189, 1.48168], "2": [1.48168, 1.48168, 1.48168], "4": [1.48168, 1.48168, 1.48168], "8": [1.48168, 1.48168, 1.48168], "16": [1.48168, 1.48168, 1.48168], "32": [1.48168, 1.48168, 1.48168]}