{"1": [22.45049476623535, 21.932217121124268, 23.16571545600891, 21.917418479919434, 23.170393466949463, 22.070947408676147, 21.803704977035522, 21.80199646949768, 22.011866331100464, 21.927865743637085], "2": [21.899999618530273, 22.229568004608154, 23.22093439102173, 22.411741971969604, 21.806074142456055, 21.872645616531372, 21.782554864883423, 23.262590646743774, 24.084866523742676, 23.48256278038025], "4": [21.80672788619995, 21.878703832626343, 21.774354457855225, 24.11118507385254, 23.453951835632324, 23.09376549720764, 22.73326325416565, 21.888696432113647, 21.966893196105957, 21.910396575927734], "8": [21.924373626708984, 22.005945205688477, 21.887450218200684, 21.98891806602478, 22.022684574127197, 21.798600673675537, 24.23002552986145, 23.221630334854126, 22.002506256103516, 22.864322185516357], "16": [23.389207124710083, 21.873157501220703, 22.040814638137817, 22.285802125930786, 22.11591124534607, 23.17332696914673, 22.04923439025879, 21.875405311584473, 21.937283754348755, 22.119476556777954], "32": [21.860751152038574, 23.284173011779785, 21.84681272506714, 21.7385036945343, 22.60259461402893, 22.187156438827515, 23.281006574630737, 21.936922311782837, 21.71957015991211, 21.80557656288147]}