{"1": [67.87291836738586, 40.78004550933838, 65.61630344390869, 39.38166809082031, 55.7071328163147, 57.93989944458008, 39.924890756607056, 43.36161828041077, 38.92558312416077, 40.27081918716431], "2": [40.7774760723114, 40.52831315994263, 38.761582374572754, 48.856401205062866, 54.83986973762512, 38.58450937271118, 40.19723629951477, 38.57591986656189, 39.823190450668335, 38.68742322921753], "4": [82.61794543266296, 39.323941230773926, 38.353678703308105, 40.04818630218506, 61.25522303581238, 40.17754507064819, 39.122758626937866, 39.201950550079346, 41.00803303718567, 38.556129455566406], "8": [42.62507915496826, 48.23386812210083, 40.585580587387085, 40.88844895362854, 44.701648235321045, 38.5306077003479, 58.485663414001465, 45.232502698898315, 86.78243684768677, 39.54023551940918], "16": [65.81582403182983, 42.58472514152527, 48.021589279174805, 49.39260649681091, 41.95134615898132, 40.587509870529175, 49.19375991821289, 39.178359270095825, 44.66279983520508, 38.21846652030945], "32": [39.99320650100708, 48.614357709884644, 59.302430391311646, 49.23504400253296, 39.15026569366455, 42.98277187347412, 38.96532464027405, 44.934269189834595, 41.75381112098694, 43.26794171333313]}