{"1": [1.2208945751190186, 1.049919843673706, 1.1899456977844238, 1.0378446578979492, 1.1350483894348145, 1.1953349113464355, 1.1047885417938232, 1.0802335739135742, 0.9818160533905029, 1.1803560256958008], "2": [1.265336275100708, 1.1260182857513428, 1.177238941192627, 1.1610174179077148, 1.0256540775299072, 1.1897392272949219, 1.046802043914795, 1.129871129989624, 1.1751782894134521, 1.174980640411377], "4": [1.0265083312988281, 1.045675277709961, 1.10312819480896, 1.1784348487854004, 1.033085823059082, 1.1881327629089355, 1.1625659465789795, 1.0305569171905518, 1.1619291305541992, 1.1335968971252441], "8": [1.0541508197784424, 1.1122612953186035, 1.0252115726470947, 1.1732354164123535, 1.7612576484680176, 1.5911576747894287, 1.1807992458343506, 0.9813389778137207, 1.0256516933441162, 0.9892094135284424], "16": [1.036609411239624, 1.133223056793213, 1.6481623649597168, 1.2576839923858643, 1.2243032455444336, 1.3081259727478027, 1.1566758155822754, 1.180736780166626, 1.1161816120147705, 1.2708311080932617], "32": [1.289707899093628, 1.2443499565124512, 1.166541576385498, 1.2448434829711914, 1.2216722965240479, 1.0872714519500732, 1.010258436203003, 1.1120715141296387, 1.0470490455627441, 1.0356366634368896]}