{"1": [76.55550003051758, 102.72893261909485, 40.121325731277466, 50.67832136154175, 80.41367101669312, 41.5797176361084, 76.93623876571655, 67.11840057373047, 42.871779441833496, 45.13819766044617], "2": [39.332003355026245, 39.6411452293396, 56.92831206321716, 39.55307626724243, 40.0904335975647, 46.24765157699585, 61.15532112121582, 42.791080713272095, 45.17683410644531, 45.663655042648315], "4": [39.266926527023315, 39.304558753967285, 39.313823223114014, 40.05491399765015, 58.78299856185913, 44.374645709991455, 45.24259328842163, 53.71453619003296, 39.004204511642456, 40.274352073669434], "8": [43.05991792678833, 86.0872414112091, 39.279428243637085, 38.72292709350586, 43.50530672073364, 53.39871835708618, 41.94835329055786, 39.2617404460907, 46.91918992996216, 41.87085318565369], "16": [39.903096437454224, 40.61421775817871, 42.60475254058838, 39.275240659713745, 50.73270225524902, 48.181233167648315, 41.7264187335968, 44.047614336013794, 42.364593744277954, 39.228835105895996], "32": [40.71553444862366, 43.552136182785034, 44.07387161254883, 39.49228310585022, 53.50708484649658, 41.53323030471802, 43.14978528022766, 43.513240337371826, 52.757808685302734, 39.79844427108765]}