{"1": [10.992343664169312, 11.286524534225464, 10.732028484344482, 11.28671646118164, 11.389010906219482, 11.323244571685791, 10.697064876556396, 11.404505729675293, 10.657865762710571, 10.870736360549927], "2": [11.331963539123535, 10.679177284240723, 11.34680724143982, 10.670891523361206, 10.642719745635986, 11.78024172782898, 11.642542839050293, 10.805469751358032, 10.879443883895874, 10.806021690368652], "4": [11.37055230140686, 10.642779350280762, 10.817386865615845, 10.827416896820068, 11.38745927810669, 11.364346742630005, 10.85104489326477, 11.508373260498047, 10.57612419128418, 10.828091859817505], "8": [10.899518013000488, 11.377808094024658, 11.385411500930786, 10.600438594818115, 10.880287170410156, 11.387778997421265, 10.614194631576538, 10.89149284362793, 10.890477418899536, 10.578265190124512], "16": [11.375917673110962, 10.886679410934448, 10.903631687164307, 10.710523128509521, 10.611591339111328, 10.894617080688477, 10.919566631317139, 10.700181484222412, 11.113981246948242, 10.918700933456421], "32": [10.714134454727173, 10.643275260925293, 10.689756870269775, 11.376301050186157, 11.457336664199829, 10.647070169448853, 10.712635278701782, 11.446879863739014, 10.595256328582764, 11.264580249786377]}