{"1": [25.448102712631226, 23.48554491996765, 23.03710627555847, 24.008739709854126, 23.816524744033813, 24.081233501434326, 24.334832191467285, 22.938905477523804, 23.01661252975464, 24.205638885498047], "2": [22.894901752471924, 24.145538091659546, 25.19807767868042, 23.87110447883606, 22.944313049316406, 23.02488374710083, 25.230438947677612, 22.972752332687378, 22.987512350082397, 23.97120189666748], "4": [24.704066514968872, 23.9133141040802, 23.871609926223755, 24.117637157440186, 24.001819372177124, 22.95345950126648, 24.069473028182983, 24.02938938140869, 23.900107383728027, 24.270575046539307], "8": [24.011030435562134, 24.25896167755127, 23.504220724105835, 24.323103666305542, 24.91392731666565, 23.730486154556274, 24.195176124572754, 24.153064489364624, 25.459826469421387, 25.180702686309814], "16": [24.272705793380737, 24.898113489151, 23.46435236930847, 22.887999057769775, 24.154801845550537, 23.64959168434143, 26.67458748817444, 23.872498512268066, 23.093290090560913, 23.16681218147278], "32": [23.92052173614502, 24.10968041419983, 25.111629962921143, 23.04761791229248, 24.154847860336304, 23.263617515563965, 23.51338219642639, 24.055311918258667, 24.24197030067444, 24.002304315567017]}