{"1": [21.971965312957764, 22.090813398361206, 22.201107501983643, 21.874655723571777, 21.774123191833496, 22.298704385757446, 22.016244649887085, 22.187238216400146, 22.126177072525024, 22.443730354309082], "2": [21.959247827529907, 23.802237272262573, 21.551053047180176, 21.500133991241455, 21.83947229385376, 21.535635232925415, 21.785059213638306, 21.906200408935547, 21.96634316444397, 21.738689661026], "4": [21.679409980773926, 21.605668306350708, 21.65481972694397, 21.569688081741333, 21.509204149246216, 21.649169206619263, 21.945546627044678, 21.58672785758972, 21.64477849006653, 21.877317667007446], "8": [21.35568904876709, 21.629677295684814, 21.491538524627686, 21.43079710006714, 21.866198301315308, 21.381850957870483, 21.288594245910645, 21.42933487892151, 21.650010347366333, 21.353165864944458], "16": [21.289640426635742, 21.442376136779785, 21.389533042907715, 21.340322494506836, 21.43200922012329, 21.27343487739563, 21.11991810798645, 21.218307495117188, 21.268805027008057, 20.948639392852783], "32": [20.840967655181885, 21.29032850265503, 21.51311230659485, 21.323999404907227, 21.358301639556885, 21.351263999938965, 21.214459896087646, 21.27939248085022, 21.126980304718018, 21.371769189834595]}