{"1": [31.32307195663452, 31.333784103393555, 31.67629885673523, 31.05978488922119, 31.259862661361694, 32.4815411567688, 31.166038990020752, 31.884504318237305, 30.869583129882812, 31.905985355377197], "2": [32.14876866340637, 31.985907793045044, 31.16393804550171, 32.0127329826355, 30.952980041503906, 31.370041131973267, 32.53626775741577, 31.104624032974243, 31.27217698097229, 31.737788915634155], "4": [31.24069094657898, 30.872787714004517, 31.667059659957886, 31.041712045669556, 31.60289239883423, 32.18487501144409, 31.90246844291687, 32.08338785171509, 31.981469869613647, 30.918433904647827], "8": [31.40941333770752, 31.713823318481445, 31.109272003173828, 31.904285669326782, 31.10992670059204, 31.353062868118286, 31.76881766319275, 31.44027042388916, 32.02780532836914, 31.645041465759277], "16": [31.081389904022217, 31.055751085281372, 31.078513383865356, 31.11229658126831, 31.92092990875244, 31.078394651412964, 31.32794737815857, 32.08898901939392, 31.010344743728638, 32.71010637283325], "32": [31.779666423797607, 31.331610441207886, 31.961843252182007, 30.715633630752563, 31.742342472076416, 31.30357313156128, 31.910455465316772, 31.957536935806274, 31.269397258758545, 30.956283807754517]}