{"1": [60.28377556800842, 60.4462571144104, 60.262551069259644, 63.31330156326294, 60.29990553855896, 62.8593635559082, 1610.1894354820251, 62.593714475631714, 62.72460436820984, 62.8280770778656], "2": [58.504664182662964, 59.29712176322937, 57.844544649124146, 58.10194945335388, 58.53728628158569, 62.208577394485474, 62.969499588012695, 58.61587381362915, 61.68353223800659, 62.87610960006714], "4": [59.944371700286865, 61.175251960754395, 60.28156328201294, 61.12811088562012, 56.6490159034729, 55.990052461624146, 57.4696249961853, 57.61737251281738, 55.99875330924988, 56.53653621673584], "8": [56.21375250816345, 56.48606729507446, 56.09742975234985, 56.07959008216858, 59.42934012413025, 56.445916414260864, 59.41887092590332, 58.68947744369507, 56.079219579696655, 58.54486012458801], "16": [55.73054361343384, 57.967670917510986, 57.95205211639404, 58.08477830886841, 55.4292938709259, 58.4230215549469, 58.73384189605713, 55.66569805145264, 60.95799374580383, 58.02363991737366], "32": [58.52400064468384, 57.39540696144104, 55.43942618370056, 55.39553999900818, 55.30665922164917, 55.23570418357849, 57.471251487731934, 55.33265471458435, 57.993916273117065, 55.8119113445282]}