{"1": [1.7030892372131348, 1.7675845623016357, 1.1910231113433838, 1.732616662979126, 1.20479416847229, 1.0755226612091064, 1.6723883152008057, 1.4632444381713867, 2.0165224075317383, 1.8396310806274414], "2": [1.8533868789672852, 1.8269169330596924, 1.8191542625427246, 1.7765617370605469, 1.0480360984802246, 1.6239769458770752, 1.5723369121551514, 2.0104804039001465, 1.200408935546875, 1.806013822555542], "4": [1.63448166847229, 1.0764284133911133, 1.290050983428955, 1.837127923965454, 1.2689409255981445, 1.101761817932129, 1.1998214721679688, 1.6343274116516113, 1.1796953678131104, 1.2453584671020508], "8": [1.2847046852111816, 1.0718679428100586, 1.5256574153900146, 1.842637300491333, 1.190896987915039, 1.1050429344177246, 1.7538175582885742, 1.5484540462493896, 1.706289529800415, 1.2916169166564941], "16": [1.7617852687835693, 1.4384818077087402, 1.646871566772461, 1.3050572872161865, 1.31984281539917, 1.1346397399902344, 1.1480934619903564, 1.9374914169311523, 1.29569673538208, 1.1352488994598389], "32": [1.8916709423065186, 1.9481611251831055, 1.7046406269073486, 1.7111289501190186, 1.0895540714263916, 5.715337514877319, 1.127955675125122, 2.09829044342041, 1.2927370071411133, 1.1105380058288574]}