{"0": {"20": [101.51676774024963]}, "1": {"20": [89.39826488494873]}, "2": {"20": [102.90979433059692]}}