{"0": {"20": [597.6856341362, 596.5004177093506, 599.3150587081909, 597.8995707035065, 596.6469254493713, 588.12313580513, 585.8368799686432, 594.2999317646027, 588.3935496807098, 605.9783134460449]}, "1": {"20": [297.22138571739197, 290.06370544433594, 285.3937394618988, 285.5429172515869, 289.6965477466583, 288.9174613952637, 288.07122898101807, 291.4986231327057, 289.559960603714, 291.32023310661316]}, "2": {"20": [325.16569900512695, 316.4941244125366, 341.8205096721649, 319.1913297176361, 322.3506979942322, 322.32525157928467, 323.849214553833, 323.8390190601349, 328.2303729057312, 315.2214369773865]}}