{"0": {"10": [6.3085832595825195]}, "1": {"10": [4.333682060241699]}, "2": {"10": [6.561462163925171]}}