{"0": {"80": [199.49856042861938]}, "1": {"80": [197.61501002311707]}, "2": {"80": [254.82785844802856]}}