{"0": {"80": [260.6840834617615, 253.47764682769775, 257.48482871055603, 254.01384353637695, 254.4139256477356, 254.12102270126343, 258.9846930503845, 258.49129581451416, 259.30668687820435, 259.10238671302795]}, "1": {"80": [254.31772351264954, 257.2512445449829, 251.70909881591797, 257.47371554374695, 252.61554598808289, 260.3277688026428, 254.67771697044373, 255.44221949577332, 258.6628611087799, 257.5664050579071]}, "2": {"80": [280.5832931995392, 279.4679424762726, 285.9335992336273, 291.2361829280853, 290.7298722267151, 285.13125371932983, 316.5646414756775, 298.1857466697693, 280.8513479232788, 279.24338245391846]}}