{"0": {"40": [72.19809556007385]}, "1": {"40": [70.42611622810364]}, "2": {"40": [87.77442026138306]}}