{"0": {"80": [108.88275241851807]}, "1": {"80": [101.04358172416687]}, "2": {"80": [273.46494936943054]}}