{"0": {"40": [1.0612759590148926, 1.6472270488739014, 1.1688880920410156, 1.0905869007110596, 1.9800519943237305, 1.6697137355804443, 1.6049919128417969, 1.7069976329803467, 1.672485589981079, 1.7914352416992188]}, "1": {"40": [1.5292999744415283, 1.0426883697509766, 1.1396117210388184, 1.102050542831421, 1.6821484565734863, 1.166947603225708, 1.0363140106201172, 1.5205292701721191, 2.028542995452881, 1.0339436531066895]}, "2": {"40": [40.44767475128174, 40.67464876174927, 40.893240451812744, 32.255350828170776, 40.753645181655884, 41.7956485748291, 32.310418128967285, 41.84964370727539, 41.75298500061035, 34.09405326843262]}}