{"0": {"10": [24.35947561264038, 24.460336923599243, 22.715338468551636, 22.669065713882446, 24.121806859970093, 24.20938515663147, 27.646114110946655, 24.26221251487732, 24.453941583633423, 24.208887815475464]}, "1": {"10": [10.237653970718384, 11.149478435516357, 10.177270650863647, 10.161835670471191, 10.081777334213257, 10.056492805480957, 14.321623086929321, 13.073282480239868, 12.99826955795288, 10.236069917678833]}, "2": {"10": [15.355933427810669, 15.213197946548462, 15.216468572616577, 14.21143627166748, 14.101850986480713, 14.123392105102539, 15.287446975708008, 15.141408443450928, 15.342674255371094, 15.269995212554932]}}