{"0": {"40": [1.1085047721862793]}, "1": {"40": [1.2174491882324219]}, "2": {"40": [39.77092957496643]}}