{"0": {"40": [207.80016446113586]}, "1": {"40": [182.46567821502686]}, "2": {"40": [191.00115990638733]}}