{"0": {"20": [44.480268716812134]}, "1": {"20": [13.28791332244873]}, "2": {"20": [53.406699419021606]}}