{"0": {"20": [133.3993911743164]}, "1": {"20": [113.58565664291382]}, "2": {"20": [134.38684248924255]}}