{"0": {"20": [121.13188815116882]}, "1": {"20": [118.53568887710571]}, "2": {"20": [125.72520446777344]}}