{"0": {"10": [4.750784635543823]}, "1": {"10": [3.3774220943450928]}, "2": {"10": [5.029359340667725]}}