{"0": {"40": [1.631171464920044, 1.2048113346099854, 1.6912355422973633, 1.5602176189422607, 1.6792285442352295, 1.8739912509918213, 1.3298718929290771, 1.835702657699585, 1.560791254043579, 1.6634924411773682]}, "1": {"40": [1.913710594177246, 1.6672101020812988, 1.6495423316955566, 1.8147029876708984, 1.7121269702911377, 1.7006080150604248, 1.7312862873077393, 1.1583819389343262, 10.882293224334717, 1.7071962356567383]}, "2": {"40": [30.53075408935547, 39.746312379837036, 39.633734941482544, 30.890207529067993, 42.47724747657776, 42.14301323890686, 30.603468894958496, 30.361525535583496, 30.15730905532837, 31.01964783668518]}}