{"0": {"80": [2865.3712985515594]}, "1": {"80": [788.5631392002106]}, "2": {"80": [3224.887261390686]}}