{"0": {"10": [20.86216449737549, 20.83138370513916, 22.42658019065857, 20.833882570266724, 20.82604432106018, 20.88379955291748, 22.427974462509155, 20.862234592437744, 22.2881600856781, 20.89669418334961]}, "1": {"10": [10.270992040634155, 10.166567087173462, 11.363992691040039, 10.2365083694458, 10.125895738601685, 11.261227130889893, 11.012312173843384, 14.46925687789917, 11.057968139648438, 13.00011396408081]}, "2": {"10": [11.871499300003052, 12.799442291259766, 12.811951875686646, 13.109708786010742, 12.963118314743042, 15.698270559310913, 12.88540244102478, 11.931023359298706, 17.29592990875244, 13.23494553565979]}}