{"0": {"10": [5.414438724517822]}, "1": {"10": [4.306371450424194]}, "2": {"10": [5.514858722686768]}}