{"0": {"10": [8.2261962890625]}, "1": {"10": [1.544039249420166]}, "2": {"10": [5.0596535205841064]}}