{"0": {"80": [21.85190725326538]}, "1": {"80": [21.456570863723755]}, "2": {"80": [173.69910192489624]}}