{"0": {"80": [42.19529962539673, 103.60453867912292, 44.54501295089722, 41.71297073364258, 46.49663543701172, 44.279255867004395, 39.501784324645996, 51.36820101737976, 48.062944412231445, 41.323659896850586]}, "1": {"80": [59.90556263923645, 39.87433910369873, 45.216140031814575, 45.61699914932251, 41.0600700378418, 40.00216722488403, 48.99354910850525, 40.18573570251465, 39.4652464389801, 38.52076005935669]}, "2": {"80": [19.126269340515137, 19.066515922546387, 19.222121477127075, 17.53932762145996, 17.96767830848694, 19.15640354156494, 19.465839862823486, 19.3729510307312, 19.241971969604492, 19.43769335746765]}}