{"0": {"40": [350.8727192878723]}, "1": {"40": [102.34848070144653]}, "2": {"40": [395.80152320861816]}}