{"0": {"20": [31.453269958496094, 31.84005069732666, 31.315407276153564, 31.738902807235718, 31.20674204826355, 31.878161907196045, 31.89960765838623, 31.76085638999939, 31.15184760093689, 31.779663562774658]}, "1": {"20": [31.803040266036987, 31.89837884902954, 32.22699689865112, 31.75591206550598, 31.271469593048096, 31.74669861793518, 31.934084177017212, 31.73531746864319, 31.731061935424805, 32.101264238357544]}, "2": {"20": [34.069923877716064, 33.95993256568909, 34.19994378089905, 33.74437499046326, 34.22724628448486, 34.178117752075195, 34.02563500404358, 33.21054124832153, 33.15587568283081, 34.62160778045654]}}