{"0": {"10": [0.6106886863708496, 0.1356823444366455, 0.14486432075500488, 0.15270543098449707, 0.1327519416809082, 0.16605305671691895, 0.16240859031677246, 0.155364990234375, 0.15118002891540527, 0.14440584182739258]}, "1": {"10": [0.14648866653442383, 0.11389541625976562, 0.12786126136779785, 0.11163783073425293, 0.11105704307556152, 0.10610318183898926, 0.1309969425201416, 0.11293554306030273, 0.1142435073852539, 0.10658979415893555]}, "2": {"10": [0.2405409812927246, 0.1350245475769043, 0.1276252269744873, 0.12560439109802246, 0.11996817588806152, 0.11334013938903809, 0.11445498466491699, 0.1249239444732666, 0.12793779373168945, 0.11754870414733887]}}