{"0": {"40": [1.2263898849487305, 0.7796213626861572, 0.7703499794006348, 0.9004137516021729, 0.7849807739257812, 0.8452904224395752, 0.7943499088287354, 0.7854938507080078, 0.8750414848327637, 0.7890903949737549]}, "1": {"40": [0.2953834533691406, 0.27222490310668945, 0.3054518699645996, 0.2847747802734375, 0.5661194324493408, 0.2581617832183838, 0.25655603408813477, 0.26751208305358887, 0.2829151153564453, 0.25098562240600586]}, "2": {"40": [0.7810099124908447, 0.6948106288909912, 0.6274170875549316, 0.7270858287811279, 0.6811263561248779, 0.5897648334503174, 0.5523838996887207, 0.7004995346069336, 0.7089383602142334, 0.7347660064697266]}}