{"1": [0.24329757690429688, 0.28990936279296875, 0.2819845676422119, 0.25121450424194336, 0.19614863395690918, 0.27928805351257324, 0.285412073135376, 0.25231480598449707, 0.27241039276123047, 0.1892681121826172], "2": [0.23093557357788086, 0.22861194610595703, 0.2245473861694336, 0.21034455299377441, 0.2363269329071045, 0.22696781158447266, 0.21532559394836426, 0.22515130043029785, 0.20888829231262207, 0.21777772903442383], "4": [0.1707320213317871, 0.1740860939025879, 0.16980576515197754, 0.14158940315246582, 0.13306879997253418, 0.17774248123168945, 0.17705225944519043, 0.18297767639160156, 0.1755216121673584, 0.14918255805969238], "8": [0.12756681442260742, 0.12196636199951172, 0.14435362815856934, 0.15139985084533691, 0.14534449577331543, 0.15346789360046387, 0.14324069023132324, 0.15265178680419922, 0.15337586402893066, 0.14277029037475586], "16": [0.12443733215332031, 0.12332940101623535, 0.11797761917114258, 0.12280631065368652, 0.13016033172607422, 0.13494062423706055, 0.12592315673828125, 0.11547064781188965, 0.09944677352905273, 0.08924341201782227], "32": [0.33995842933654785, 0.42034459114074707, 0.08871650695800781, 0.720055103302002, 0.6346805095672607, 0.7024271488189697, 0.6430237293243408, 0.623436450958252, 0.601517915725708, 0.726311445236206]}