{"0": {"10": [0.09309053421020508, 0.0825965404510498, 0.08471179008483887, 0.0858011245727539, 0.08139443397521973, 0.0867774486541748, 0.08618879318237305, 0.07165741920471191, 0.07124686241149902, 0.05699491500854492]}, "1": {"10": [0.08000755310058594, 0.055234670639038086, 0.04196524620056152, 0.05026841163635254, 0.05472135543823242, 0.05579042434692383, 0.05537676811218262, 0.0568537712097168, 0.05620408058166504, 0.04916691780090332]}, "2": {"10": [0.07722854614257812, 0.09572362899780273, 0.09796857833862305, 0.0982522964477539, 0.08235478401184082, 0.08672261238098145, 0.08581995964050293, 0.09295201301574707, 0.09792542457580566, 0.08854937553405762]}}