{"0": {"80": [6.770241975784302, 6.066503047943115, 6.074120759963989, 6.161842584609985, 6.026534795761108, 6.092412948608398, 6.774776220321655, 6.048702955245972, 6.248212814331055, 6.123537063598633]}, "1": {"80": [0.6182746887207031, 0.6966726779937744, 0.6298036575317383, 0.5680150985717773, 0.5535368919372559, 0.5371737480163574, 0.5769927501678467, 0.6807196140289307, 0.6449964046478271, 0.5717582702636719]}, "2": {"80": [3.5734035968780518, 3.4143242835998535, 3.3810689449310303, 3.679368734359741, 3.375924825668335, 3.3739218711853027, 3.474915027618408, 3.476841688156128, 3.382117986679077, 3.4930577278137207]}}