{"1": [0.9941151142120361, 0.8986372947692871, 1.008622646331787, 0.9830384254455566, 0.9797191619873047, 0.8845846652984619, 0.8084781169891357, 0.921372652053833, 0.8529601097106934, 0.8315246105194092], "2": [0.6379525661468506, 0.6219377517700195, 0.6667397022247314, 0.626584529876709, 0.6492433547973633, 0.640714168548584, 0.6539907455444336, 0.7006754875183105, 0.7561719417572021, 0.7461667060852051], "4": [0.5505681037902832, 0.4962499141693115, 0.48006153106689453, 0.4711911678314209, 0.4658045768737793, 0.4698307514190674, 0.4229152202606201, 0.5035686492919922, 0.4422738552093506, 0.5058093070983887], "8": [0.40143847465515137, 0.39211559295654297, 0.35762953758239746, 0.42518115043640137, 0.39034366607666016, 0.39700794219970703, 0.4106466770172119, 0.3845815658569336, 0.3856511116027832, 0.3469099998474121], "16": [0.3349936008453369, 0.2825744152069092, 0.3519458770751953, 0.35604047775268555, 0.3342306613922119, 0.29097747802734375, 0.2918679714202881, 0.3430147171020508, 0.3246302604675293, 0.3745260238647461], "32": [1.0573053359985352, 0.6821384429931641, 1.1332602500915527, 1.0653576850891113, 0.9875216484069824, 1.0507304668426514, 1.1866888999938965, 1.086416482925415, 0.40608954429626465, 0.4504694938659668]}