{"0": {"20": [0.19806909561157227, 0.19038963317871094, 0.18120503425598145, 0.18066000938415527, 0.17145895957946777, 0.18465948104858398, 0.18233585357666016, 0.19058775901794434, 0.1764209270477295, 0.19498729705810547]}, "1": {"20": [0.10293793678283691, 0.10696983337402344, 0.10146641731262207, 0.100982666015625, 0.10130906105041504, 0.10194730758666992, 0.09556460380554199, 0.09625840187072754, 0.09635186195373535, 0.09622859954833984]}, "2": {"20": [0.35225725173950195, 0.34236907958984375, 0.3469679355621338, 0.33932065963745117, 0.35199952125549316, 0.3522160053253174, 0.3515338897705078, 0.35037708282470703, 0.35114002227783203, 0.34064173698425293]}}