{"0": {"20": [0.3422105312347412, 0.23649835586547852, 0.22523999214172363, 0.2360222339630127, 0.23351693153381348, 0.2302393913269043, 0.23253273963928223, 0.23313355445861816, 0.21795916557312012, 0.21943902969360352]}, "1": {"20": [0.24242949485778809, 0.41556215286254883, 0.20582890510559082, 0.21100759506225586, 0.21151232719421387, 0.19724464416503906, 0.2095177173614502, 0.2129650115966797, 0.197676420211792, 0.20101332664489746]}, "2": {"20": [0.645477294921875, 0.6451370716094971, 0.643831729888916, 0.65024733543396, 0.609736442565918, 0.6576478481292725, 0.5599322319030762, 0.6419708728790283, 0.6424620151519775, 0.6264042854309082]}}