{"0": {"10": [0.19618511199951172, 0.09056925773620605, 0.08527398109436035, 0.07861495018005371, 0.08969831466674805, 0.08344888687133789, 0.0785515308380127, 0.0922398567199707, 0.0894312858581543, 0.08635926246643066]}, "1": {"10": [0.07634282112121582, 0.07216382026672363, 0.06326103210449219, 0.07325887680053711, 0.07155632972717285, 0.06344962120056152, 0.06485319137573242, 0.07359004020690918, 0.07157039642333984, 0.07290124893188477]}, "2": {"10": [0.11293363571166992, 0.11171078681945801, 0.09580159187316895, 0.1144869327545166, 0.11278438568115234, 0.1034097671508789, 0.10005474090576172, 0.11223125457763672, 0.10741305351257324, 0.09239888191223145]}}