{"0": {"1": [0.018059968948364258, 0.017086029052734375, 0.016676902770996094, 0.017303943634033203, 0.017453670501708984, 0.01701807975769043, 0.01711726188659668, 0.01694011688232422, 0.016957998275756836, 0.017249107360839844], "2": [0.10432219505310059, 0.11249327659606934, 0.11919736862182617, 0.11288595199584961, 0.10209202766418457, 0.10102415084838867, 0.11239790916442871, 0.11414194107055664, 0.10338687896728516, 0.1012122631072998], "4": [0.09981369972229004, 0.11857891082763672, 0.1012430191040039, 0.10147786140441895, 0.09862995147705078, 0.09995102882385254, 0.11746501922607422, 0.10039210319519043, 0.09946966171264648, 0.10430788993835449], "8": [0.11106085777282715, 0.10649704933166504, 0.09677982330322266, 0.10259699821472168, 0.10007786750793457, 0.11501789093017578, 0.11475706100463867, 0.10360503196716309, 0.10651803016662598, 0.10161805152893066], "16": [0.09811520576477051, 0.12336206436157227, 0.10183978080749512, 0.11027312278747559, 0.10716080665588379, 0.12674903869628906, 0.1164710521697998, 0.10031318664550781, 0.10156583786010742, 0.10030817985534668], "32": [0.11689615249633789, 0.10007095336914062, 0.11120891571044922, 0.10550808906555176, 0.15765929222106934, 0.14532995223999023, 0.13267874717712402, 0.11169672012329102, 0.10783076286315918, 0.1696467399597168]}, "1": {"1": [0.027853012084960938, 0.03078317642211914, 0.028167009353637695, 0.027990102767944336, 0.033087968826293945, 0.027482986450195312, 0.021589040756225586, 0.023214101791381836, 0.021672964096069336, 0.02166914939880371], "2": [0.12781381607055664, 0.12044191360473633, 0.12536001205444336, 0.15527081489562988, 0.13762307167053223, 0.11737704277038574, 0.12011981010437012, 0.13592195510864258, 0.11535382270812988, 0.1061098575592041], "4": [0.15372395515441895, 0.12732505798339844, 0.13486385345458984, 0.15093588829040527, 0.14256882667541504, 0.1120598316192627, 0.17676281929016113, 0.14474081993103027, 0.1371631622314453, 0.12250113487243652], "8": [0.1031639575958252, 0.12288093566894531, 0.10679221153259277, 0.13405919075012207, 0.10821676254272461, 0.10721683502197266, 0.16819095611572266, 0.09786272048950195, 0.0986475944519043, 0.09982013702392578], "16": [0.10921406745910645, 0.10698914527893066, 0.09611201286315918, 0.09697580337524414, 0.10254883766174316, 0.11377382278442383, 0.10486102104187012, 0.10279512405395508, 0.10195493698120117, 0.10152411460876465], "32": [0.12367606163024902, 0.10938096046447754, 0.10658884048461914, 0.10535883903503418, 0.10039210319519043, 0.12240266799926758, 0.1018679141998291, 0.09879493713378906, 0.10097908973693848, 0.12450885772705078]}, "2": {"1": [0.018295764923095703, 0.016936063766479492, 0.016890764236450195, 0.017308950424194336, 0.01746988296508789, 0.017375946044921875, 0.01742100715637207, 0.01759481430053711, 0.017126798629760742, 0.01818227767944336], "2": [0.1037452220916748, 0.09981274604797363, 0.10003113746643066, 0.09848499298095703, 0.1219339370727539, 0.10060405731201172, 0.09805583953857422, 0.09714198112487793, 0.11431097984313965, 0.10502219200134277], "4": [0.09725689888000488, 0.09654784202575684, 0.10274410247802734, 0.09671902656555176, 0.11851978302001953, 0.09806585311889648, 0.09699892997741699, 0.10270380973815918, 0.09790301322937012, 0.1176149845123291], "8": [0.10191798210144043, 0.09687018394470215, 0.09615707397460938, 0.09693098068237305, 0.12281417846679688, 0.10159587860107422, 0.10001921653747559, 0.0976262092590332, 0.10831832885742188, 0.12990021705627441], "16": [0.10375690460205078, 0.10192704200744629, 0.10229015350341797, 0.11664414405822754, 0.10966229438781738, 0.09847402572631836, 0.10026693344116211, 0.10485196113586426, 0.1193857192993164, 0.10754203796386719], "32": [0.10113692283630371, 0.09851884841918945, 0.10008692741394043, 0.12393999099731445, 0.09962582588195801, 0.09912657737731934, 0.09377598762512207, 0.09546685218811035, 0.11867499351501465, 0.09936189651489258]}}