{"0": {"20": [4.334803104400635, 0.2487173080444336, 0.2607898712158203, 0.2600395679473877, 0.2520296573638916, 0.2709007263183594, 0.24809837341308594, 0.25557732582092285, 0.23968291282653809, 0.25445556640625]}, "1": {"20": [0.12747550010681152, 0.2355632781982422, 0.136641263961792, 0.14096665382385254, 0.1435093879699707, 0.12475347518920898, 0.10946869850158691, 0.1242828369140625, 0.12158203125, 0.1262214183807373]}, "2": {"20": [0.20228004455566406, 0.21557259559631348, 0.21134614944458008, 0.17826437950134277, 0.1765146255493164, 0.2290177345275879, 0.22802352905273438, 0.24402236938476562, 0.24755501747131348, 0.22353363037109375]}}