{"1": [0.19831538200378418, 0.0835566520690918, 0.0690913200378418, 0.08296966552734375, 0.09142708778381348, 0.09600090980529785, 0.09048867225646973, 0.09001016616821289, 0.08934998512268066, 0.09179139137268066], "2": [0.07911372184753418, 0.07383441925048828, 0.07210636138916016, 0.07232022285461426, 0.07937383651733398, 0.08210968971252441, 0.07939338684082031, 0.0800178050994873, 0.07533049583435059, 0.07916522026062012], "4": [0.06769943237304688, 0.06964540481567383, 0.06630778312683105, 0.07072854042053223, 0.07125425338745117, 0.06090092658996582, 0.06554794311523438, 0.053374528884887695, 0.0522916316986084, 0.06664085388183594], "8": [0.06565546989440918, 0.05764961242675781, 0.06426310539245605, 0.056032419204711914, 0.0522615909576416, 0.061780691146850586, 0.058467864990234375, 0.0508725643157959, 0.05267643928527832, 0.06342792510986328], "16": [0.0487065315246582, 0.04317069053649902, 0.03722953796386719, 0.03951525688171387, 0.056983232498168945, 0.05006980895996094, 0.05763959884643555, 0.06010079383850098, 0.05631422996520996, 0.04978322982788086], "32": [0.1078038215637207, 0.2341628074645996, 0.21112060546875, 0.2115342617034912, 0.039199113845825195, 0.22298288345336914, 0.22813963890075684, 0.21485662460327148, 0.1319732666015625, 0.2235877513885498]}