{"0": {"40": [0.8738582134246826, 0.8630433082580566, 0.8544726371765137, 0.8679182529449463, 0.8801734447479248, 0.8678815364837646, 0.8599741458892822, 0.8559384346008301, 0.7784173488616943, 0.8645782470703125]}, "1": {"40": [0.22022151947021484, 0.21493768692016602, 0.2074906826019287, 0.21557116508483887, 0.21797680854797363, 0.2224276065826416, 0.22744083404541016, 0.22111940383911133, 0.22011041641235352, 0.22202229499816895]}, "2": {"40": [1.8027451038360596, 1.6750147342681885, 1.7583801746368408, 1.6786317825317383, 1.7920167446136475, 1.773134708404541, 1.8355748653411865, 1.755143404006958, 1.6999614238739014, 1.7615981101989746]}}