{"1": [32.78260016441345, 32.59916377067566, 32.311002016067505, 32.54191207885742, 32.65519666671753, 32.17628049850464, 32.31842637062073, 32.61547660827637, 32.70253562927246, 31.97725510597229], "2": [29.264458179473877, 29.617412567138672, 27.889833688735962, 29.177075147628784, 29.271981239318848, 29.83026885986328, 28.577455043792725, 29.158836364746094, 29.224767446517944, 28.930593013763428], "4": [23.90851926803589, 23.482446432113647, 23.717909812927246, 24.341968059539795, 23.810851335525513, 23.93673062324524, 23.773959398269653, 23.500248193740845, 23.328272581100464, 23.379866123199463], "8": [16.724852323532104, 15.630357027053833, 15.472493410110474, 16.08235454559326, 15.561122179031372, 15.551753044128418, 15.9125235080719, 15.431487321853638, 15.908706665039062, 15.600988149642944], "16": [13.36879014968872, 12.609216213226318, 13.090203285217285, 12.992872953414917, 12.816081523895264, 12.696073055267334, 12.713408946990967, 13.33332872390747, 12.74722695350647, 13.340464115142822], "32": [12.872530698776245, 14.121990442276001, 11.409484624862671, 12.440588235855103, 11.800009965896606, 12.361021757125854, 11.960686445236206, 11.582855463027954, 13.032430648803711, 11.359366178512573]}