{"0": {"80": [5.138267993927002, 5.07284688949585, 5.085049867630005, 5.326402425765991, 5.081711530685425, 5.0155861377716064, 5.09975528717041, 5.074184417724609, 4.996127605438232, 5.084842920303345]}, "1": {"80": [0.6827058792114258, 0.6743063926696777, 0.6681716442108154, 0.6862256526947021, 0.710252046585083, 0.6831331253051758, 0.6927909851074219, 0.687145471572876, 0.6862943172454834, 0.6868247985839844]}, "2": {"80": [13.360392808914185, 13.187598943710327, 13.234877586364746, 13.291461706161499, 13.291326522827148, 13.800567626953125, 13.166449069976807, 13.323059558868408, 13.482351541519165, 13.4200279712677]}}