{"1": [4.702739477157593, 4.797797203063965, 4.812842607498169, 4.932868719100952, 4.931553602218628, 4.715088367462158, 4.639754295349121, 4.773072957992554, 4.7393012046813965, 4.641178607940674], "2": [3.2425925731658936, 3.108128786087036, 3.0107059478759766, 3.212555408477783, 3.2614951133728027, 3.1096439361572266, 3.178784132003784, 3.154984474182129, 3.0751545429229736, 3.3183131217956543], "4": [2.165492296218872, 2.2716188430786133, 2.3602707386016846, 2.21061110496521, 2.25834059715271, 2.104804515838623, 2.054915428161621, 2.0854101181030273, 2.3325464725494385, 2.3344626426696777], "8": [1.833770751953125, 1.8330988883972168, 1.8640074729919434, 1.8922297954559326, 1.7809619903564453, 1.8320627212524414, 1.633843183517456, 1.8398327827453613, 1.743281602859497, 1.7391622066497803], "16": [1.510840654373169, 1.6711978912353516, 1.5567407608032227, 1.5676369667053223, 1.4976451396942139, 1.4078397750854492, 1.3747122287750244, 1.5312042236328125, 1.5590620040893555, 1.5527467727661133], "32": [2.614003896713257, 1.3957648277282715, 1.9637413024902344, 1.483656883239746, 2.881934404373169, 1.4504857063293457, 2.60345458984375, 1.8790218830108643, 2.3513903617858887, 2.6778059005737305]}