{"1": [0.18835687637329102, 0.07780337333679199, 0.06767773628234863, 0.08252930641174316, 0.07606387138366699, 0.07685685157775879, 0.07456827163696289, 0.07720780372619629, 0.07995271682739258, 0.07661819458007812], "2": [0.0706644058227539, 0.06622552871704102, 0.06873250007629395, 0.07362103462219238, 0.06949925422668457, 0.06572318077087402, 0.0697183609008789, 0.06871485710144043, 0.06535625457763672, 0.06358742713928223], "4": [0.062215328216552734, 0.06791234016418457, 0.06238508224487305, 0.05973935127258301, 0.06597113609313965, 0.06243538856506348, 0.06175541877746582, 0.06012845039367676, 0.06233334541320801, 0.06365323066711426], "8": [0.06085920333862305, 0.06114053726196289, 0.05712151527404785, 0.06365847587585449, 0.0602259635925293, 0.06399202346801758, 0.06424093246459961, 0.057967185974121094, 0.05811333656311035, 0.06278467178344727], "16": [0.05789923667907715, 0.057726144790649414, 0.05749201774597168, 0.05863499641418457, 0.06123089790344238, 0.06460118293762207, 0.06261706352233887, 0.054821014404296875, 0.056903839111328125, 0.05305027961730957], "32": [0.061872243881225586, 0.06681370735168457, 0.0696115493774414, 0.057932138442993164, 0.07633852958679199, 0.08039975166320801, 0.053899288177490234, 0.053192138671875, 0.052503347396850586, 0.048842430114746094]}