{"1": [45.034717321395874, 44.4785475730896, 44.33301115036011, 45.095759868621826, 44.276076316833496, 44.544625759124756, 44.87339758872986, 44.21278643608093, 44.27659821510315, 45.645390033721924], "2": [42.43495178222656, 42.06211853027344, 42.08702111244202, 42.57891631126404, 42.535104513168335, 42.64309000968933, 42.90979838371277, 42.29972743988037, 42.079283714294434, 42.91960406303406], "4": [30.522871255874634, 30.009003162384033, 30.870676517486572, 30.592998027801514, 30.628244638442993, 30.57443642616272, 30.553744316101074, 29.755430698394775, 30.496975660324097, 31.1966609954834], "8": [23.470329761505127, 23.572315216064453, 24.54323983192444, 23.39534592628479, 23.34940266609192, 23.600900173187256, 24.271645307540894, 24.273797750473022, 24.66928195953369, 23.818667888641357], "16": [20.787800550460815, 20.597508668899536, 20.650051593780518, 20.60952353477478, 20.55644392967224, 20.535069227218628, 20.464689254760742, 20.760907888412476, 20.599076986312866, 20.635247945785522], "32": [19.33049988746643, 18.889795064926147, 19.357207775115967, 19.674598455429077, 19.163495540618896, 19.583016872406006, 21.817305088043213, 19.899046421051025, 19.054718494415283, 19.617677450180054]}