{"1": [0.13929, 0.136197, 0.133149], "2": [0.133149, 0.133149, 0.133149], "4": [0.133149, 0.133149, 0.133149], "8": [0.133149, 0.133149, 0.133149], "16": [0.133149, 0.133149, 0.133149], "32": [0.133149, 0.133149, 0.133149]}