{"1": [0.2558252811431885, 0.17032790184020996, 0.17129063606262207, 0.15467619895935059, 0.1695234775543213, 0.17391061782836914, 0.1689906120300293, 0.1675577163696289, 0.14877867698669434, 0.16870880126953125], "2": [0.13993310928344727, 0.1462876796722412, 0.14439153671264648, 0.1424262523651123, 0.13904404640197754, 0.13210511207580566, 0.12895441055297852, 0.14726662635803223, 0.14802789688110352, 0.14456558227539062], "4": [0.11136031150817871, 0.12676358222961426, 0.1272892951965332, 0.12790727615356445, 0.12784981727600098, 0.12785577774047852, 0.12189197540283203, 0.11500310897827148, 0.12147402763366699, 0.11391520500183105], "8": [0.11403751373291016, 0.11474752426147461, 0.11586403846740723, 0.11635255813598633, 0.1185910701751709, 0.1111762523651123, 0.11392092704772949, 0.11647844314575195, 0.10679221153259277, 0.10168766975402832], "16": [0.10727071762084961, 0.1027522087097168, 0.1080167293548584, 0.11039018630981445, 0.11267948150634766, 0.10884237289428711, 0.0998532772064209, 0.09655261039733887, 0.10828280448913574, 0.10842013359069824], "32": [0.10813450813293457, 0.11830592155456543, 0.08442378044128418, 0.1004030704498291, 0.08785104751586914, 0.09797239303588867, 0.09567403793334961, 0.0980982780456543, 0.10397768020629883, 0.1119074821472168]}