{"1": [9.259376049041748, 9.096468925476074, 8.854196786880493, 8.965360641479492, 8.803739070892334, 12.124603986740112, 8.909203052520752, 9.013105154037476, 9.072093963623047, 8.90842318534851], "2": [5.4468419551849365, 5.7076146602630615, 5.575220584869385, 8.001538515090942, 5.541702508926392, 5.462369203567505, 5.440209150314331, 8.648166418075562, 5.486798048019409, 5.401003837585449], "4": [3.5545337200164795, 3.576558828353882, 3.598872184753418, 3.795933961868286, 3.7313618659973145, 8.507633686065674, 3.706491470336914, 8.48488712310791, 3.763594627380371, 3.606201648712158], "8": [2.6829657554626465, 2.700451612472534, 2.6942138671875, 2.7573282718658447, 2.689668655395508, 2.6635849475860596, 7.089349985122681, 2.855285406112671, 2.7706565856933594, 2.7341556549072266], "16": [2.2952380180358887, 2.28357195854187, 2.3137550354003906, 2.3117856979370117, 2.3306193351745605, 2.330676794052124, 7.13363790512085, 6.049306392669678, 2.447364330291748, 2.49418306350708], "32": [2.946366310119629, 2.639455795288086, 2.255413055419922, 1.975654125213623, 1.9428150653839111, 1.8888425827026367, 1.8970906734466553, 2.0711681842803955, 1.9285712242126465, 2.0856447219848633]}