{"1": [0.0868442, 0.0809821, 0.0776459], "2": [0.0776459, 0.0776459, 0.0776459], "4": [0.0776459, 0.0776459, 0.0776459], "8": [0.0776459, 0.0776459, 0.0776459], "16": [0.0776459, 0.0776459, 0.0776459], "32": [0.0776459, 0.0776459, 0.0776459]}