{"1": [0.391287, 0.397152, 0.474085], "2": [0.474085, 0.474085, 0.474085], "4": [0.474085, 0.474085, 0.474085], "8": [0.474085, 0.474085, 0.474085], "16": [0.474085, 0.474085, 0.474085], "32": [0.474085, 0.474085, 0.474085]}