{"1": [2.46926, 2.69687, 2.63541], "2": [2.63541, 2.63541, 2.63541], "4": [2.63541, 2.63541, 2.63541], "8": [2.63541, 2.63541, 2.63541], "16": [2.63541, 2.63541, 2.63541], "32": [2.63541, 2.63541, 2.63541]}