{"1": [2.66971, 2.53847, 2.52135], "2": [2.52135, 2.52135, 2.52135], "4": [2.52135, 2.52135, 2.52135], "8": [2.52135, 2.52135, 2.52135], "16": [2.52135, 2.52135, 2.52135], "32": [2.52135, 2.52135, 2.52135]}