{"1": [0.37259721755981445, 0.0928339958190918, 0.08855557441711426, 0.08978271484375, 0.08747434616088867, 0.09032154083251953, 0.08804535865783691, 0.08747291564941406, 0.08480501174926758, 0.0897066593170166], "2": [0.0787208080291748, 0.08397626876831055, 0.07834553718566895, 0.08181595802307129, 0.07816648483276367, 0.07937788963317871, 0.08297419548034668, 0.07598328590393066, 0.0765237808227539, 0.08028268814086914], "4": [0.07212996482849121, 0.06871628761291504, 0.07413172721862793, 0.0661008358001709, 0.0751800537109375, 0.0741739273071289, 0.07233548164367676, 0.07746052742004395, 0.07552623748779297, 0.07521581649780273], "8": [0.06666231155395508, 0.06981825828552246, 0.07292461395263672, 0.06776142120361328, 0.06685662269592285, 0.06473231315612793, 0.06883549690246582, 0.07075095176696777, 0.0664529800415039, 0.06934404373168945], "16": [0.06204104423522949, 0.07132482528686523, 0.06186819076538086, 0.0676119327545166, 0.06783342361450195, 0.07057547569274902, 0.07139945030212402, 0.06996273994445801, 0.07272028923034668, 0.06786251068115234], "32": [0.08247184753417969, 0.07784771919250488, 0.07370376586914062, 0.07130670547485352, 0.06777167320251465, 0.06183600425720215, 0.06601834297180176, 0.07198429107666016, 0.08759689331054688, 0.051374197006225586]}