{"1": [62.08366346359253, 61.353885650634766, 60.99237298965454, 62.30734419822693, 60.848912477493286, 61.64142966270447, 61.06973433494568, 59.69928336143494, 61.45653057098389, 61.488070011138916], "2": [49.606096029281616, 52.332478523254395, 49.561140298843384, 51.48487830162048, 52.60020470619202, 51.49305963516235, 51.240495681762695, 51.42513132095337, 49.83056664466858, 51.25169491767883], "4": [41.5818452835083, 40.41219973564148, 42.01559615135193, 41.9037549495697, 40.09734749794006, 40.53144145011902, 40.353734731674194, 40.52173566818237, 40.21744394302368, 40.654701948165894], "8": [35.87106966972351, 34.09618902206421, 36.08078670501709, 35.70886588096619, 35.69101119041443, 36.00772738456726, 34.562143087387085, 35.85740566253662, 39.03738808631897, 36.25141215324402], "16": [32.27271032333374, 32.24772882461548, 32.495474338531494, 32.10507321357727, 32.38181233406067, 30.666158437728882, 33.06625771522522, 32.432116985321045, 36.132554054260254, 32.80175447463989], "32": [30.995328426361084, 30.057241678237915, 28.359509706497192, 28.411763191223145, 31.941678285598755, 30.25874638557434, 28.689438581466675, 28.29401731491089, 30.403695106506348, 28.243165969848633]}