{"1": [358.01424407958984, 350.7662670612335, 349.0825779438019, 348.0981373786926, 342.68269515037537, 350.5736677646637, 339.0410957336426, 354.50269746780396, 350.2997510433197, 342.68024706840515], "2": [226.07135796546936, 225.12513136863708, 226.11402440071106, 224.40339279174805, 228.4798505306244, 226.53884553909302, 229.17893862724304, 223.6817111968994, 225.2643859386444, 226.89938402175903], "4": [166.21126127243042, 177.41158771514893, 166.11153483390808, 166.7787528038025, 176.396160364151, 174.8334994316101, 166.75563549995422, 176.20797157287598, 167.91911387443542, 166.68201184272766], "8": [127.51693415641785, 125.67591166496277, 129.49365949630737, 129.0355761051178, 124.26786923408508, 123.37620568275452, 128.69189429283142, 128.24504804611206, 128.3371410369873, 122.54473567008972], "16": [107.40340375900269, 101.9684944152832, 106.37551784515381, 104.42274475097656, 102.31300330162048, 106.04204058647156, 102.54563236236572, 101.18946552276611, 103.42628383636475, 102.82487273216248], "32": [87.23963046073914, 91.42431306838989, 86.45149350166321, 88.01194047927856, 82.33067393302917, 89.84648537635803, 88.13761734962463, 90.8822591304779, 89.0650269985199, 92.47501540184021]}