{"1": [3.7342495918273926, 3.5686593055725098, 3.5212819576263428, 3.5269970893859863, 3.58750581741333, 3.574331045150757, 3.4654300212860107, 3.4997498989105225, 7.6103880405426025, 3.60343337059021], "2": [2.5885841846466064, 2.5834391117095947, 2.613938808441162, 2.7121639251708984, 7.603084564208984, 6.561276435852051, 2.7864930629730225, 2.794434070587158, 2.7051353454589844, 2.61171817779541], "4": [2.2063703536987305, 2.1580986976623535, 2.1545121669769287, 2.1454508304595947, 2.080939531326294, 2.176340103149414, 2.184597969055176, 2.3312275409698486, 7.245436668395996, 2.4234273433685303], "8": [1.792942762374878, 1.7730212211608887, 1.7509818077087402, 1.7603495121002197, 1.7586946487426758, 1.8606176376342773, 1.7370305061340332, 1.8279647827148438, 2.091484308242798, 1.9475305080413818], "16": [1.7124643325805664, 1.699005365371704, 1.663196086883545, 1.5711567401885986, 1.6301231384277344, 1.5709657669067383, 1.5934972763061523, 1.635049819946289, 1.8720307350158691, 1.6672759056091309], "32": [1.7065966129302979, 1.8059544563293457, 1.617516279220581, 1.6128764152526855, 1.516127347946167, 1.6481199264526367, 1.6229262351989746, 1.641054391860962, 7.3842339515686035, 7.056761741638184]}