{"1": [0.519237, 0.502094, 0.590651], "2": [0.590651, 0.590651, 0.590651], "4": [0.590651, 0.590651, 0.590651], "8": [0.590651, 0.590651, 0.590651], "16": [0.590651, 0.590651, 0.590651], "32": [0.590651, 0.590651, 0.590651]}