{"1": [1.2723336219787598, 0.9623286724090576, 0.9354283809661865, 1.1449110507965088, 1.3412232398986816, 1.0475184917449951, 1.3306798934936523, 2.0794801712036133, 1.0495057106018066, 1.0524230003356934], "2": [2.6067135334014893, 0.7551419734954834, 0.7612266540527344, 0.7548491954803467, 0.736621618270874, 0.7330935001373291, 0.7380917072296143, 0.8488984107971191, 0.712299108505249, 0.7233719825744629], "4": [0.47599196434020996, 0.5240154266357422, 0.5339202880859375, 0.5326550006866455, 0.5605442523956299, 0.5421819686889648, 0.6106197834014893, 0.5578131675720215, 5.250325441360474, 0.544619083404541], "8": [0.4507911205291748, 0.5284068584442139, 0.4722483158111572, 0.4506106376647949, 0.43758106231689453, 0.43592286109924316, 0.45310163497924805, 0.43573522567749023, 0.44530415534973145, 0.5241217613220215], "16": [0.3891000747680664, 0.38125085830688477, 0.38654160499572754, 0.38640379905700684, 0.37910032272338867, 0.3817884922027588, 0.38016676902770996, 0.3850369453430176, 0.39502573013305664, 0.3790898323059082], "32": [0.417741060256958, 0.4528193473815918, 0.3912508487701416, 0.38265466690063477, 0.34884095191955566, 0.3538508415222168, 0.36695075035095215, 0.3925049304962158, 0.37848496437072754, 0.35480332374572754]}