{"1": [0.032833, 0.0288076, 0.0292637], "2": [0.0292637, 0.0292637, 0.0292637], "4": [0.0292637, 0.0292637, 0.0292637], "8": [0.0292637, 0.0292637, 0.0292637], "16": [0.0292637, 0.0292637, 0.0292637], "32": [0.0292637, 0.0292637, 0.0292637]}