{"1": [1634.4007246494293, 38.273194789886475, 38.20621299743652, 38.34938979148865, 39.90947771072388, 38.121407985687256, 37.92396283149719, 38.37823271751404, 38.08723044395447, 38.01761841773987], "2": [25.04753828048706, 25.171489238739014, 24.57109570503235, 25.449694871902466, 25.72988510131836, 25.788999557495117, 24.799315214157104, 24.774765491485596, 25.22036075592041, 24.631675720214844], "4": [17.524081230163574, 17.603224515914917, 17.97133207321167, 18.40044331550598, 18.146494388580322, 17.731590747833252, 17.87469983100891, 17.820997953414917, 18.791966915130615, 18.297199010849], "8": [12.596959114074707, 12.58823037147522, 12.626935720443726, 12.527515649795532, 12.89830207824707, 12.936866044998169, 13.634173393249512, 12.496662378311157, 13.42602825164795, 12.761906623840332], "16": [9.770393133163452, 9.823950052261353, 9.824192762374878, 10.445543766021729, 9.815522909164429, 9.733613014221191, 9.73505711555481, 9.60288405418396, 9.985023498535156, 9.735446691513062], "32": [8.43901014328003, 11.509595155715942, 8.443954706192017, 9.351090908050537, 9.438268184661865, 9.277364730834961, 10.100475311279297, 12.105819702148438, 12.2783944606781, 8.420637130737305]}