{"1": [0.6707906723022461, 0.23454046249389648, 0.23078560829162598, 0.2297835350036621, 0.23303818702697754, 0.23072385787963867, 0.2393951416015625, 0.216094970703125, 0.21243000030517578, 0.24346709251403809], "2": [0.18703103065490723, 0.1904158592224121, 0.18973517417907715, 0.1892402172088623, 0.18981647491455078, 0.18886089324951172, 0.18826699256896973, 0.18910574913024902, 0.18954682350158691, 0.19054913520812988], "4": [0.15141582489013672, 0.1556696891784668, 0.15521574020385742, 0.15285396575927734, 0.15540647506713867, 0.13738417625427246, 0.15050745010375977, 0.1509077548980713, 0.1562058925628662, 0.1510782241821289], "8": [0.13267302513122559, 0.13487744331359863, 0.13292288780212402, 0.13353323936462402, 0.1303391456604004, 0.13355588912963867, 0.13442182540893555, 0.1338059902191162, 0.1349022388458252, 0.13511347770690918], "16": [0.1266345977783203, 0.12358474731445312, 0.2967567443847656, 0.12550806999206543, 0.10732579231262207, 0.12361454963684082, 0.1241755485534668, 0.12493705749511719, 0.12875962257385254, 0.12563014030456543], "32": [0.13660001754760742, 0.13055634498596191, 0.10690712928771973, 0.14257240295410156, 0.12198925018310547, 0.1141350269317627, 0.10832619667053223, 0.16620564460754395, 0.11557292938232422, 0.15871644020080566]}