{"1": [0.7045071125030518, 0.61981201171875, 0.5926563739776611, 0.5175173282623291, 0.5240058898925781, 0.522634744644165, 0.5244104862213135, 0.5205705165863037, 0.6049709320068359, 0.6068933010101318], "2": [0.4753384590148926, 0.48833560943603516, 0.4786396026611328, 0.48467159271240234, 0.4860379695892334, 0.4817676544189453, 0.4825005531311035, 0.473132848739624, 0.48081207275390625, 0.481170654296875], "4": [0.40300583839416504, 0.3840911388397217, 0.3938257694244385, 0.3980698585510254, 0.3832054138183594, 0.40097546577453613, 0.39729785919189453, 0.39928483963012695, 0.39405012130737305, 0.38741469383239746], "8": [0.33567309379577637, 0.3549020290374756, 0.3400857448577881, 0.35697174072265625, 0.34641361236572266, 0.3438847064971924, 0.35770177841186523, 0.3580615520477295, 0.3321824073791504, 0.3350515365600586], "16": [0.3337252140045166, 0.3174312114715576, 0.3332486152648926, 0.3185923099517822, 0.31754207611083984, 0.31001758575439453, 0.3136563301086426, 0.3173041343688965, 0.3249659538269043, 0.31679368019104004], "32": [0.30503296852111816, 0.3103179931640625, 0.29961228370666504, 0.31388139724731445, 0.33597493171691895, 0.3070793151855469, 0.3359513282775879, 0.31026244163513184, 0.2981436252593994, 0.30519700050354004]}