{"1": [1.31389, 1.28869, 1.29805], "2": [1.29805, 1.29805, 1.29805], "4": [1.29805, 1.29805, 1.29805], "8": [1.29805, 1.29805, 1.29805], "16": [1.29805, 1.29805, 1.29805], "32": [1.29805, 1.29805, 1.29805]}