{"0": {"20": [0.736400842666626, 0.17352938652038574, 0.17243170738220215, 0.17133474349975586, 0.17060422897338867, 0.16826963424682617, 0.16489219665527344, 0.16767263412475586, 0.16566061973571777, 0.1682438850402832]}, "1": {"20": [0.33153271675109863, 0.1100759506225586, 0.09605121612548828, 0.09221506118774414, 0.09464693069458008, 0.09681463241577148, 0.08503961563110352, 0.09819316864013672, 0.09959554672241211, 0.09543085098266602]}, "2": {"20": [0.23832917213439941, 0.19584393501281738, 0.19502735137939453, 0.1731119155883789, 0.19420862197875977, 0.19779229164123535, 0.19643664360046387, 0.19508600234985352, 0.19484686851501465, 0.19487476348876953]}}