{"0": {"10": [0.21590924263000488, 0.1054222583770752, 0.08703470230102539, 0.08325505256652832, 0.08849287033081055, 0.1032569408416748, 0.1004934310913086, 0.08147430419921875, 0.10621023178100586, 0.1071627140045166]}, "1": {"10": [0.0835123062133789, 0.06340694427490234, 0.05768537521362305, 0.054991722106933594, 0.052275657653808594, 0.04666566848754883, 0.054103851318359375, 0.054215431213378906, 0.05912065505981445, 0.05549979209899902]}, "2": {"10": [0.1221158504486084, 0.09783720970153809, 0.07625722885131836, 0.09842967987060547, 0.09777331352233887, 0.08275151252746582, 0.08806586265563965, 0.07722258567810059, 0.10149478912353516, 0.10055232048034668]}}