{"0": {"20": [0.5418548583984375]}, "1": {"20": [0.36724257469177246]}, "2": {"20": [0.4307560920715332]}}