{"0": {"20": [0.5622670650482178]}, "1": {"20": [0.184220552444458]}, "2": {"20": [0.35979175567626953]}}