{"0": {"20": [1.0666282176971436]}, "1": {"20": [0.19168448448181152]}, "2": {"20": [0.3554263114929199]}}