{"0": {"40": [0.7919609546661377]}, "1": {"40": [0.26509666442871094]}, "2": {"40": [1.1211907863616943]}}