{"0": {"80": [3.653196096420288]}, "1": {"80": [0.49422264099121094]}, "2": {"80": [8.761114597320557]}}