{"0": {"10": [0.4302396774291992]}, "1": {"10": [0.14095664024353027]}, "2": {"10": [0.14800333976745605]}}