{"0": {"80": [3.3654720783233643, 3.2239582538604736, 3.2679965496063232, 3.0962066650390625, 3.0886175632476807, 3.0933992862701416, 8.348224401473999, 3.0516183376312256, 3.208120584487915, 6.803645849227905]}, "1": {"80": [0.6490814685821533, 0.42313122749328613, 0.5166051387786865, 0.6078774929046631, 0.4823131561279297, 0.49893832206726074, 0.5060157775878906, 0.5964605808258057, 0.6199820041656494, 0.4930105209350586]}, "2": {"80": [8.61531114578247, 3.921417236328125, 3.894563674926758, 4.1435675621032715, 4.197211980819702, 3.9281673431396484, 3.8606929779052734, 3.9464235305786133, 3.9082212448120117, 3.8410842418670654]}}