{"0": {"80": [2.9468867778778076]}, "1": {"80": [0.490494966506958]}, "2": {"80": [7.946002006530762]}}