{"0": {"10": [0.7421212196350098]}, "1": {"10": [0.30956530570983887]}, "2": {"10": [0.28821492195129395]}}