{"0": {"40": [1.263970136642456, 0.6324372291564941, 0.6145663261413574, 0.6187610626220703, 0.6158285140991211, 0.6252779960632324, 0.6158041954040527, 0.6247379779815674, 0.6153154373168945, 0.6179249286651611]}, "1": {"40": [0.22602319717407227, 0.21141481399536133, 0.206573486328125, 0.20754742622375488, 0.20665860176086426, 0.20293188095092773, 0.20757102966308594, 0.20861530303955078, 0.20713210105895996, 0.19803977012634277]}, "2": {"40": [0.9256253242492676, 0.7043583393096924, 0.7950589656829834, 0.7803852558135986, 0.7986013889312744, 0.7931458950042725, 0.7869205474853516, 0.7897531986236572, 0.7751646041870117, 0.7931227684020996]}}