{"0": {"20": [0.38005709648132324, 0.2757890224456787, 0.2356736660003662, 0.23668360710144043, 0.1761622428894043, 0.24233388900756836, 0.27446675300598145, 0.23790907859802246, 0.2304549217224121, 0.27941441535949707]}, "1": {"20": [0.09125018119812012, 0.09071826934814453, 0.07758331298828125, 0.07276129722595215, 0.08387088775634766, 0.10169196128845215, 0.09926581382751465, 0.09811758995056152, 0.10085654258728027, 0.09854555130004883]}, "2": {"20": [0.29897356033325195, 0.25224924087524414, 0.24888134002685547, 0.26620054244995117, 0.28692173957824707, 0.2563354969024658, 0.24741172790527344, 0.2715725898742676, 0.2677328586578369, 0.26043105125427246]}}