{"0": {"20": [1.0241892337799072]}, "1": {"20": [0.18036103248596191]}, "2": {"20": [0.34621715545654297]}}