{"0": {"40": [1.2634036540985107, 1.1466214656829834, 1.0894217491149902, 1.0812230110168457, 1.0392298698425293, 1.0318760871887207, 1.1239268779754639, 1.0453805923461914, 1.050330638885498, 1.043428897857666]}, "1": {"40": [0.2359459400177002, 0.2205348014831543, 0.19105863571166992, 0.21998834609985352, 0.2196509838104248, 0.21346116065979004, 0.21625399589538574, 0.21094799041748047, 0.21709728240966797, 0.22078227996826172]}, "2": {"40": [0.9999408721923828, 1.0599126815795898, 1.1851708889007568, 1.1448662281036377, 1.0035536289215088, 0.9586009979248047, 0.9542818069458008, 1.0722136497497559, 1.034775733947754, 1.0986104011535645]}}