{"0": {"10": [0.36640357971191406]}, "1": {"10": [0.09096813201904297]}, "2": {"10": [0.14912652969360352]}}