{"0": {"80": [4.001553058624268, 3.519670248031616, 3.5165317058563232, 3.536649227142334, 3.5435562133789062, 7.8999786376953125, 3.6206860542297363, 3.5217392444610596, 3.538961410522461, 3.4747989177703857]}, "1": {"80": [0.6048698425292969, 0.6025614738464355, 0.5914871692657471, 0.5936720371246338, 0.5943329334259033, 0.6016311645507812, 0.6025760173797607, 0.61539626121521, 0.6036438941955566, 0.594618558883667]}, "2": {"80": [2.3238866329193115, 2.303032159805298, 2.3120546340942383, 2.199073076248169, 2.1942005157470703, 2.1991801261901855, 7.46466064453125, 6.943475723266602, 6.806045770645142, 2.305215835571289]}}