{"0": {"40": [0.7359216213226318]}, "1": {"40": [0.2086467742919922]}, "2": {"40": [1.0893428325653076]}}