{"0": {"10": [0.7186002731323242, 0.11382603645324707, 0.08268117904663086, 0.09184050559997559, 0.08334755897521973, 0.07685971260070801, 0.08312249183654785, 0.07539534568786621, 0.08121919631958008, 0.16954445838928223]}, "1": {"10": [0.09781360626220703, 0.06220126152038574, 0.05842280387878418, 0.054514169692993164, 0.060270071029663086, 0.0563960075378418, 0.059616804122924805, 0.05992722511291504, 0.05394887924194336, 0.05659961700439453]}, "2": {"10": [0.11181473731994629, 0.08547806739807129, 0.07040572166442871, 0.0839390754699707, 0.08426594734191895, 0.08402371406555176, 0.08496952056884766, 0.08787226676940918, 0.08652257919311523, 0.07301473617553711]}}