{"0": {"40": [1.0237326622009277]}, "1": {"40": [0.3473541736602783]}, "2": {"40": [1.2386014461517334]}}