{"0": {"80": [3.161930561065674]}, "1": {"80": [0.5009970664978027]}, "2": {"80": [8.281051874160767]}}