{"0": {"10": [0.6036217212677002]}, "1": {"10": [0.25368189811706543]}, "2": {"10": [0.23587822914123535]}}