{"0": {"80": [3.228973865509033]}, "1": {"80": [0.46698665618896484]}, "2": {"80": [7.686191558837891]}}