{"0": {"40": [1.8562018871307373]}, "1": {"40": [0.38920140266418457]}, "2": {"40": [1.0948724746704102]}}