{"0": {"10": [4.511024475097656, 4.293663024902344, 4.647104501724243, 4.376085042953491, 4.460833549499512, 4.305623769760132, 4.437352180480957, 4.3981032371521, 4.5188939571380615, 4.324305057525635]}, "1": {"10": [0.6326127052307129, 0.6879358291625977, 0.6610019207000732, 0.5818312168121338, 0.5807075500488281, 0.6346099376678467, 0.6921963691711426, 0.6278877258300781, 0.6127753257751465, 0.6017158031463623]}, "2": {"10": [2.3812990188598633, 2.4153430461883545, 2.3003129959106445, 2.4975414276123047, 2.426874876022339, 2.472261905670166, 2.483267307281494, 2.223299264907837, 2.3564038276672363, 2.297914981842041]}}