{"0": {"20": [49.090436697006226, 49.625250577926636, 49.338271617889404, 48.87131667137146, 49.2466254234314, 49.104010820388794, 48.7883722782135, 49.5577335357666, 49.42956328392029, 48.97413396835327]}, "1": {"20": [5.229345321655273, 5.1437859535217285, 5.36133885383606, 5.246950387954712, 5.388627767562866, 5.260454416275024, 5.2686803340911865, 5.84335994720459, 5.209545135498047, 5.224860429763794]}, "2": {"20": [28.825335264205933, 28.823670864105225, 30.368967056274414, 29.501593351364136, 28.939449310302734, 28.84855341911316, 29.031609773635864, 28.84903621673584, 29.271832704544067, 29.173977851867676]}}