{"0": {"40": [617.6985325813293, 626.0734922885895, 621.0413062572479, 616.6459619998932, 612.7620007991791, 614.8532221317291, 617.3788475990295, 618.8874168395996, 626.7821862697601, 622.7281987667084]}, "1": {"40": [137.83631825447083, 142.03981041908264, 143.92126274108887, 138.70247387886047, 139.98486733436584, 142.9942820072174, 142.99359440803528, 142.24702763557434, 143.3888144493103, 142.48022937774658]}, "2": {"40": [140.29226326942444, 132.46078181266785, 139.61082482337952, 139.86735820770264, 127.76357507705688, 141.90757775306702, 140.66216588020325, 140.17466497421265, 141.59754467010498, 136.25623059272766]}}