{"1": [32.99514579772949, 31.011250495910645, 31.325954914093018, 31.16206192970276, 31.32081174850464, 31.561521768569946, 31.38975167274475, 35.05437779426575, 33.09743809700012, 31.50078010559082], "2": [28.7939715385437, 26.318180322647095, 26.95221447944641, 29.739013195037842, 28.553255081176758, 26.9303240776062, 28.54958963394165, 26.650801181793213, 26.11141085624695, 26.268609046936035], "4": [24.00709104537964, 24.067007541656494, 26.124067783355713, 24.045708656311035, 26.001685857772827, 23.838191509246826, 26.316384315490723, 25.94769787788391, 25.945394039154053, 23.85753345489502], "8": [24.389288187026978, 23.199585437774658, 24.51575469970703, 22.727409601211548, 26.135071992874146, 22.612738609313965, 23.053823709487915, 24.779829025268555, 22.679131507873535, 24.294915676116943], "16": [23.307053327560425, 22.1405029296875, 21.662084341049194, 23.731940507888794, 21.788408279418945, 23.49957513809204, 21.73994207382202, 21.76702070236206, 23.671366930007935, 21.814692974090576], "32": [23.03958296775818, 23.362484216690063, 21.73874807357788, 23.17701816558838, 21.853298902511597, 22.907827377319336, 21.68489956855774, 22.851293325424194, 23.110504627227783, 21.54495859146118]}