{"1": [26.086955785751343, 24.193963050842285, 25.952186107635498, 23.91309142112732, 25.605679750442505, 24.208025455474854, 24.026935815811157, 25.504786252975464, 25.472636699676514, 26.038469791412354], "2": [22.735687494277954, 24.417871475219727, 22.726562976837158, 24.101574182510376, 24.038589477539062, 24.202645778656006, 24.830761909484863, 24.703418016433716, 24.52843427658081, 23.95833158493042], "4": [23.822291374206543, 23.73057508468628, 23.767251014709473, 23.563599348068237, 23.50236463546753, 23.10921359062195, 23.514034271240234, 23.490617275238037, 24.054160118103027, 23.495083332061768], "8": [23.00309181213379, 24.62332797050476, 22.984137535095215, 23.10065221786499, 22.957528352737427, 23.24456214904785, 22.967973232269287, 22.86254048347473, 22.995322704315186, 23.10982918739319], "16": [22.409425258636475, 21.17529273033142, 22.645994424819946, 22.53795075416565, 21.229148626327515, 25.02632236480713, 22.998349905014038, 22.832905054092407, 21.366658210754395, 22.57576847076416], "32": [21.272703647613525, 22.286999702453613, 21.172263383865356, 21.74874711036682, 22.474469661712646, 22.462388515472412, 21.140487909317017, 21.78579092025757, 22.38063144683838, 22.57046341896057]}