{"1": [109.0862090587616, 113.81182742118835, 114.50866889953613, 109.06309676170349, 113.70379853248596, 112.96665334701538, 108.69620966911316, 114.82991480827332, 113.9517879486084, 115.1833746433258], "2": [109.24582552909851, 113.12266683578491, 112.54733419418335, 113.55086660385132, 111.13065242767334, 114.42867684364319, 114.8501558303833, 114.72109580039978, 115.6642107963562, 112.12385749816895], "4": [114.77448582649231, 109.3501365184784, 115.11625528335571, 108.68690371513367, 111.97330522537231, 114.60314631462097, 109.23645782470703, 108.70282196998596, 113.71292877197266, 113.58994889259338], "8": [114.80106830596924, 113.55582284927368, 114.11924600601196, 109.19682955741882, 113.08038520812988, 112.02375864982605, 113.69073843955994, 113.96444725990295, 114.99038863182068, 115.23314356803894], "16": [113.89337849617004, 109.25995230674744, 114.35457038879395, 113.68309259414673, 116.1524567604065, 108.7002363204956, 113.61838746070862, 114.87209868431091, 108.7161750793457, 113.92271089553833], "32": [114.97271466255188, 110.7358877658844, 110.16819286346436, 113.98648595809937, 114.60361075401306, 114.12269854545593, 109.31697416305542, 114.64086484909058, 108.77185106277466, 110.4424295425415]}