{"1": [4.1035, 4.25106, 4.25478], "2": [4.25478, 4.25478, 4.25478], "4": [4.25478, 4.25478, 4.25478], "8": [4.25478, 4.25478, 4.25478], "16": [4.25478, 4.25478, 4.25478], "32": [4.25478, 4.25478, 4.25478]}