{"1": [1.37329, 1.37641, 1.54622], "2": [1.54622, 1.54622, 1.54622], "4": [1.54622, 1.54622, 1.54622], "8": [1.54622, 1.54622, 1.54622], "16": [1.54622, 1.54622, 1.54622], "32": [1.54622, 1.54622, 1.54622]}