{"1": [36.14865279197693, 35.86590027809143, 36.068451166152954, 35.481038093566895, 36.37368154525757, 35.373207092285156, 35.19177484512329, 35.146219968795776, 35.93817496299744, 36.061196088790894], "2": [35.813674211502075, 35.483606815338135, 36.41320991516113, 35.26226735115051, 35.53229999542236, 36.194018840789795, 35.29460120201111, 36.49847364425659, 36.18380117416382, 35.99683427810669], "4": [36.029884338378906, 36.25904560089111, 36.2348256111145, 36.034133434295654, 35.5406494140625, 35.98178672790527, 35.85413312911987, 35.859795808792114, 35.34156513214111, 35.79686784744263], "8": [35.3229193687439, 35.62391662597656, 35.9935142993927, 36.00279998779297, 35.217880725860596, 36.015533208847046, 35.90726900100708, 36.02595663070679, 35.92870616912842, 35.44659614562988], "16": [35.229002237319946, 35.46131420135498, 36.157591581344604, 35.43054938316345, 36.531803607940674, 36.09514379501343, 35.4716010093689, 35.53421926498413, 36.05185270309448, 35.282132387161255], "32": [36.35507011413574, 36.046865701675415, 36.176806688308716, 35.27138042449951, 36.092342138290405, 35.20430874824524, 36.40182900428772, 35.81722068786621, 35.97018241882324, 36.01472234725952]}