{"1": [35.053935527801514, 35.37509727478027, 35.75277781486511, 34.96679496765137, 34.99126672744751, 35.27441644668579, 35.9664204120636, 35.9915726184845, 34.92827868461609, 35.028560400009155], "2": [35.0292546749115, 36.07999539375305, 36.1920702457428, 35.78458833694458, 34.948153257369995, 36.472169637680054, 35.18437838554382, 35.900545835494995, 34.81063199043274, 35.84197402000427], "4": [34.80616617202759, 37.002944231033325, 34.90946316719055, 36.100489377975464, 36.5030722618103, 34.919349908828735, 34.90593957901001, 35.96817994117737, 36.21138286590576, 36.16380071640015], "8": [35.99601984024048, 35.84324860572815, 35.5440628528595, 35.70685124397278, 36.291359186172485, 36.20724034309387, 35.88899350166321, 35.72041702270508, 36.15591597557068, 35.26744532585144], "16": [35.753302812576294, 35.28315186500549, 35.06988310813904, 36.059003591537476, 35.95927047729492, 34.94709300994873, 35.53696966171265, 35.98188304901123, 34.83113670349121, 36.11507821083069], "32": [35.9313268661499, 35.3794379234314, 35.02653765678406, 34.83513355255127, 35.41108512878418, 35.82719159126282, 35.091925382614136, 35.93138313293457, 35.109851360321045, 35.075504779815674]}