{"1": [113.16621708869934, 113.09829258918762, 113.08459448814392, 112.69628834724426, 110.84063053131104, 114.3428246974945, 113.7179114818573, 113.88996362686157, 113.68553423881531, 113.87878465652466], "2": [113.7270016670227, 113.65667128562927, 113.59914684295654, 114.06283640861511, 114.30141854286194, 113.79338359832764, 111.26072716712952, 113.66752171516418, 114.75756573677063, 113.52454161643982], "4": [111.48186707496643, 109.30661582946777, 113.89123201370239, 113.70051693916321, 113.81642389297485, 114.52514171600342, 114.11820960044861, 114.59994268417358, 114.09142136573792, 114.4205310344696], "8": [114.46682024002075, 113.9746642112732, 113.66171145439148, 113.6846194267273, 113.60875701904297, 114.52500057220459, 114.03140068054199, 114.67326879501343, 113.73223805427551, 114.2895896434784], "16": [114.1366925239563, 114.03164505958557, 112.22250437736511, 109.37466359138489, 113.18076801300049, 114.54446029663086, 113.65198135375977, 114.29264259338379, 113.0904815196991, 113.78929591178894], "32": [113.73212504386902, 114.58764934539795, 114.22986245155334, 112.17354607582092, 113.15908455848694, 113.87880063056946, 113.63629984855652, 113.9653856754303, 114.72449660301208, 113.48770928382874]}