{"0": {"20": [38.09000492095947]}, "1": {"20": [11.772561311721802]}, "2": {"20": [40.25183916091919]}}