{"0": {"40": [113.89848113059998, 114.03260731697083, 114.77177858352661, 113.89950394630432, 113.72984337806702, 113.120365858078, 110.16313147544861, 113.52149701118469, 114.34019804000854, 114.74484086036682]}, "1": {"40": [115.54426455497742, 113.3112895488739, 114.2512559890747, 113.98212504386902, 111.87439846992493, 114.69744110107422, 113.54570078849792, 115.23211455345154, 115.91143155097961, 114.3367645740509]}, "2": {"40": [131.85817456245422, 131.22136116027832, 135.1908459663391, 129.51328802108765, 130.3571755886078, 132.16287088394165, 129.14639687538147, 129.34915351867676, 131.21146607398987, 130.41455602645874]}}