{"0": {"20": [95.89526987075806]}, "1": {"20": [84.15028691291809]}, "2": {"20": [95.9311842918396]}}