{"0": {"10": [4.7206199169158936]}, "1": {"10": [3.5011403560638428]}, "2": {"10": [4.837830305099487]}}