{"0": {"80": [25289.853532075882]}, "1": {"80": [22982.8622276783]}, "2": {"80": [25454.20512986183]}}