{"0": {"10": [25.88628387451172, 24.669711351394653, 25.799994707107544, 24.495126485824585, 24.56147527694702, 24.394596338272095, 24.300368070602417, 25.86865782737732, 25.88131070137024, 24.52971339225769]}, "1": {"10": [16.366885900497437, 12.023261070251465, 11.096264600753784, 11.015496730804443, 11.021454811096191, 11.046202898025513, 10.937327146530151, 10.934483051300049, 11.96033239364624, 12.011950254440308]}, "2": {"10": [16.2584285736084, 17.431891202926636, 16.260762214660645, 16.617005348205566, 17.708207607269287, 16.415284633636475, 16.409401655197144, 16.388954162597656, 16.131654977798462, 16.30746579170227]}}