{"0": {"20": [606.9974372386932, 606.5728642940521, 617.093635559082, 607.355975151062, 622.2178485393524, 607.8232443332672, 604.1062445640564, 620.4891436100006, 646.5420880317688, 616.1147265434265]}, "1": {"20": [295.8674237728119, 291.69942903518677, 293.9092140197754, 295.6925172805786, 296.9738428592682, 294.4246504306793, 296.7308475971222, 295.46734833717346, 290.1386227607727, 288.81545186042786]}, "2": {"20": [362.5896828174591, 354.4009289741516, 369.9268321990967, 366.7215266227722, 358.1333088874817, 358.69513297080994, 354.1283004283905, 360.336106300354, 360.60815596580505, 355.6295690536499]}}