{"0": {"40": [165.4151108264923]}, "1": {"40": [168.4867238998413]}, "2": {"40": [180.6707170009613]}}