{"0": {"10": [35.54049777984619, 31.44116520881653, 31.494343757629395, 31.372939825057983, 32.930335998535156, 32.906341314315796, 32.966362714767456, 31.532609462738037, 31.35054612159729, 31.27350401878357]}, "1": {"10": [13.418680191040039, 12.24963641166687, 11.871052265167236, 10.993250608444214, 12.280234575271606, 12.99793815612793, 13.14389967918396, 14.037222146987915, 11.016991138458252, 12.01241946220398]}, "2": {"10": [28.24476671218872, 28.762235164642334, 27.46495771408081, 28.8830988407135, 27.515828847885132, 27.29613947868347, 27.44766330718994, 28.780908584594727, 28.851067304611206, 29.010020971298218]}}