{"0": {"40": [293.0143871307373]}, "1": {"40": [286.74208998680115]}, "2": {"40": [304.97732520103455]}}