{"0": {"80": [23113.601701259613]}, "1": {"80": [22635.967138051987]}, "2": {"80": [23265.30621433258]}}