{"0": {"80": [28117.29219031334]}, "1": {"80": [28182.961126327515]}, "2": {"80": [28175.092125177383]}}