{"0": {"20": [35.71876573562622, 35.1195592880249, 35.06310486793518, 36.045310735702515, 36.52712345123291, 35.6103892326355, 35.20333790779114, 35.59365510940552, 36.06429886817932, 35.65735220909119]}, "1": {"20": [35.70031261444092, 35.63020467758179, 36.08304142951965, 36.021878719329834, 36.0085027217865, 35.351497650146484, 35.42923617362976, 36.2854585647583, 36.0407178401947, 36.113221645355225]}, "2": {"20": [37.06761026382446, 37.71413516998291, 38.22923159599304, 36.976916551589966, 38.140743017196655, 38.23206925392151, 37.83469200134277, 37.23114013671875, 37.24393391609192, 37.57070183753967]}}