{"0": {"10": [4.876303672790527]}, "1": {"10": [1.668609380722046]}, "2": {"10": [7.448621988296509]}}