{"0": {"10": [5.294155597686768]}, "1": {"10": [4.555263996124268]}, "2": {"10": [5.406728744506836]}}