{"0": {"20": [112.89249753952026]}, "1": {"20": [104.07819247245789]}, "2": {"20": [116.47799897193909]}}