{"0": {"20": [95.47736024856567]}, "1": {"20": [86.91107869148254]}, "2": {"20": [117.32392144203186]}}