{"0": {"40": [113.10555958747864, 113.05714178085327, 109.14337825775146, 113.76575326919556, 113.89541125297546, 114.1985273361206, 112.98805284500122, 113.67597079277039, 113.90619945526123, 113.54384231567383]}, "1": {"40": [114.55185341835022, 113.89930844306946, 108.9657621383667, 114.00335168838501, 113.54590582847595, 109.31788802146912, 113.13600206375122, 123.99287104606628, 109.52582335472107, 113.08047771453857]}, "2": {"40": [131.07898020744324, 130.1796269416809, 128.8149025440216, 129.60642385482788, 128.430330991745, 130.77660012245178, 133.4127254486084, 129.0830261707306, 128.74920773506165, 130.95484924316406]}}