{"0": {"10": [4.7943031787872314]}, "1": {"10": [3.6203067302703857]}, "2": {"10": [4.919882774353027]}}