{"0": {"40": [119.47353076934814]}, "1": {"40": [120.41449785232544]}, "2": {"40": [132.27057671546936]}}