{"0": {"40": [397.6101324558258]}, "1": {"40": [190.95851635932922]}, "2": {"40": [442.7243845462799]}}